created_date,effective_date_time,order_id,region_id,store_id,buyer_id,payment_type,purchase_completed,total_discount,quantity,total_discounted_price,total_full_price,avg_full_price_per_product,avg_disc_price_per_product,avg_disc_per_product
2022-06-01 00:00:00,2022-06-01 01:15:00,339,2,45,155,YAPE,1,0.0,5,65.44,65.44,13.088,13.088,0.0
2022-06-01 00:00:00,2022-06-01 01:16:00,304,2,45,155,YAPE,1,0.0,1,12.99,12.99,12.99,12.99,0.0
2022-06-01 00:00:00,2022-06-01 01:19:00,281,2,45,155,YAPE,1,0.0,1,109.9,109.9,109.9,109.9,0.0
2022-06-01 00:00:00,2022-06-01 01:27:00,322,2,45,176,YAPE,1,9.99999999999999,2,76.8,86.8,43.4,38.4,4.999999999999995
2022-06-01 00:00:00,2022-06-01 07:59:00,298,2,45,155,YAPE,1,9.989999999999991,5,56.51,66.5,13.3,11.302,1.9979999999999982
2022-06-01 00:00:00,2022-06-01 08:05:00,351,2,45,155,YAPE,1,0.0,8,50.38,50.38,6.2975,6.2975,0.0
2022-06-01 00:00:00,2022-06-01 11:32:00,496,6,51,201,YAPE,1,0.0,9,69.38,69.38,7.708888888888889,7.708888888888889,0.0
2022-06-01 00:00:00,2022-06-01 11:41:00,352,2,45,180,YAPE,1,0.0,3,68.49,68.49,22.83,22.83,0.0
2022-06-01 00:00:00,2022-06-01 13:22:00,534,2,58,238,YAPE,1,0.0,12,214.8899999999999,214.8899999999999,17.90749999999999,17.90749999999999,0.0
2022-06-01 00:00:00,2022-06-01 13:29:00,344,2,45,180,YAPE,1,0.0,3,5.97,5.97,1.99,1.99,0.0
2022-06-01 00:00:00,2022-06-01 16:17:00,573,6,59,250,Transferencia Bancaria - Banco 2,1,0.0,28,203.35999999999999,203.35999999999999,7.2628571428571425,7.2628571428571425,0.0
2022-06-01 00:00:00,2022-06-01 16:59:00,591,6,59,246,Transferencia Bancaria - Banco 2,1,0.0,2,38.599999999999994,38.599999999999994,19.299999999999997,19.299999999999997,0.0
2022-06-01 00:00:00,2022-06-01 17:26:00,328,2,45,180,YAPE,1,0.0,1,14.49,14.49,14.49,14.49,0.0
2022-06-01 00:00:00,2022-06-01 17:42:00,58,2,10,46,YAPE,1,0.0,8,79.85000000000001,79.85000000000001,9.981250000000001,9.981250000000001,0.0
2022-06-01 00:00:00,2022-06-01 19:37:00,299,2,45,162,YAPE,1,0.0,1,16.99,16.99,16.99,16.99,0.0
2022-06-01 00:00:00,2022-06-01 19:47:00,659,2,63,266,YAPE,1,0.0,2,7.98,7.98,3.99,3.99,0.0
2022-06-01 00:00:00,2022-06-01 19:53:00,336,2,45,162,Tarjeta,1,0.0,1,109.9,109.9,109.9,109.9,0.0
2022-06-01 00:00:00,2022-06-01 19:56:00,200,2,27,116,Tarjeta,1,0.0,13,97.58999999999999,97.58999999999999,7.506923076923076,7.506923076923076,0.0
2022-06-01 00:00:00,2022-06-01 20:25:00,64,2,11,48,Transferencia Bancaria - Banco 3,1,0.0,14,295.71999999999997,295.71999999999997,21.12285714285714,21.12285714285714,0.0
2022-06-01 00:00:00,2022-06-01 21:10:00,612,2,62,265,Tarjeta,1,112.1799999999997,6,2.2000000000000024,114.38,19.063333333333333,0.3666666666666671,18.696666666666616
2022-06-02 00:00:00,2022-06-02 07:43:00,100,2,15,58,Transferencia Bancaria - Banco 2,1,0.0,7,101.93999999999998,101.93999999999998,14.56285714285714,14.56285714285714,0.0
2022-06-02 00:00:00,2022-06-02 08:18:00,179,2,23,105,Tarjeta,1,0.0,12,146.12,146.12,12.176666666666668,12.176666666666668,0.0
2022-06-02 00:00:00,2022-06-02 13:57:00,610,6,61,263,Transferencia Bancaria - Banco 2,1,0.0,6,23.94,23.94,3.99,3.99,0.0
2022-06-02 00:00:00,2022-06-02 14:00:00,609,6,61,262,Transferencia Bancaria - Banco 2,1,0.0,6,23.94,23.94,3.99,3.99,0.0
2022-06-02 00:00:00,2022-06-02 14:01:00,593,6,61,256,Transferencia Bancaria - Banco 2,0,0.0,6,23.94,23.94,3.99,3.99,0.0
2022-06-02 00:00:00,2022-06-02 14:05:00,599,6,61,258,YAPE,0,0.0,2,7.98,7.98,3.99,3.99,0.0
2022-06-02 00:00:00,2022-06-02 14:10:00,550,6,59,246,Transferencia Bancaria - Banco 2,1,0.0,23,90.42999999999999,90.42999999999999,3.9317391304347824,3.9317391304347824,0.0
2022-06-02 00:00:00,2022-06-02 14:44:00,1,2,1,1,YAPE,1,0.0,5,45.78,45.78,9.156,9.156,0.0
2022-06-02 00:00:00,2022-06-02 14:59:00,260,2,41,139,YAPE,1,0.0,11,37.29,37.29,3.39,3.39,0.0
2022-06-02 00:00:00,2022-06-02 15:20:00,652,2,63,266,YAPE,1,0.0,4,17.96,17.96,4.49,4.49,0.0
2022-06-02 00:00:00,2022-06-02 15:22:00,617,2,63,269,YAPE,1,0.0,4,17.96,17.96,4.49,4.49,0.0
2022-06-02 00:00:00,2022-06-02 15:26:00,629,2,63,268,YAPE,1,0.0,1,11.99,11.99,11.99,11.99,0.0
2022-06-02 00:00:00,2022-06-02 15:27:00,291,2,45,162,YAPE,1,0.0,1,9.99,9.99,9.99,9.99,0.0
2022-06-02 00:00:00,2022-06-02 15:28:00,618,2,63,270,YAPE,1,0.0,1,11.99,11.99,11.99,11.99,0.0
2022-06-02 00:00:00,2022-06-02 15:29:00,626,2,63,276,YAPE,1,0.0,1,11.99,11.99,11.99,11.99,0.0
2022-06-02 00:00:00,2022-06-02 15:44:00,257,2,41,141,YAPE,1,0.0,6,25.14,25.14,4.19,4.19,0.0
2022-06-02 00:00:00,2022-06-02 15:45:00,259,2,41,140,YAPE,1,0.0,6,25.14,25.14,4.19,4.19,0.0
2022-06-02 00:00:00,2022-06-02 15:53:00,643,2,63,283,YAPE,1,0.0,1,11.99,11.99,11.99,11.99,0.0
2022-06-02 00:00:00,2022-06-02 16:22:00,190,2,25,109,Transferencia Bancaria - Banco 3,1,0.0,5,52.19,52.19,10.437999999999999,10.437999999999999,0.0
2022-06-02 00:00:00,2022-06-02 16:34:00,242,2,39,135,Transferencia Bancaria - Banco 1,1,0.0,7,220.7,220.7,31.52857142857143,31.52857142857143,0.0
2022-06-02 00:00:00,2022-06-02 17:32:00,323,2,45,162,YAPE,1,0.0,1,57.9,57.9,57.9,57.9,0.0
2022-06-02 00:00:00,2022-06-02 17:38:00,289,2,45,151,YAPE,1,0.0,1,57.9,57.9,57.9,57.9,0.0
2022-06-02 00:00:00,2022-06-02 17:42:00,303,2,45,151,YAPE,1,0.0,1,1.99,1.99,1.99,1.99,0.0
2022-06-02 00:00:00,2022-06-02 17:42:00,312,2,45,151,YAPE,1,0.0,1,1.99,1.99,1.99,1.99,0.0
2022-06-02 00:00:00,2022-06-02 17:43:00,311,2,45,151,YAPE,1,0.0,1,1.99,1.99,1.99,1.99,0.0
2022-06-02 00:00:00,2022-06-02 17:54:00,305,2,45,165,YAPE,1,0.0,1,57.9,57.9,57.9,57.9,0.0
2022-06-02 00:00:00,2022-06-02 17:56:00,295,2,45,165,YAPE,1,0.0,1,57.9,57.9,57.9,57.9,0.0
2022-06-02 00:00:00,2022-06-02 18:00:00,590,6,59,246,Transferencia Bancaria - Banco 2,1,0.0,3,25.299999999999997,25.299999999999997,8.433333333333332,8.433333333333332,0.0
2022-06-02 00:00:00,2022-06-02 18:02:00,317,2,45,173,Tarjeta,1,0.0,1,57.9,57.9,57.9,57.9,0.0
2022-06-02 00:00:00,2022-06-02 18:30:00,457,6,51,201,YAPE,1,0.0,1,17.9,17.9,17.9,17.9,0.0
2022-06-02 00:00:00,2022-06-02 18:47:00,60,2,10,47,YAPE,1,0.0,8,79.85000000000001,79.85000000000001,9.981250000000001,9.981250000000001,0.0
2022-06-02 00:00:00,2022-06-02 19:57:00,69,2,13,51,YAPE,1,0.0,5,50.28,50.28,10.056000000000001,10.056000000000001,0.0
2022-06-02 00:00:00,2022-06-02 20:01:00,532,2,58,236,Transferencia Bancaria - Banco 2,1,0.0,5,55.63,55.63,11.126000000000001,11.126000000000001,0.0
2022-06-02 00:00:00,2022-06-02 20:03:00,363,2,49,193,Transferencia Bancaria - Banco 2,1,0.0,1,154.9,154.9,154.9,154.9,0.0
2022-06-02 00:00:00,2022-06-02 20:36:00,504,6,51,201,YAPE,1,0.0,16,129.88,129.88,8.1175,8.1175,0.0
2022-06-03 00:00:00,2022-06-03 09:04:00,426,6,51,201,YAPE,1,0.0,1,4.6,4.6,4.6,4.6,0.0
2022-06-03 00:00:00,2022-06-03 12:30:00,348,2,45,178,YAPE,1,0.0,2,19.68,19.68,9.84,9.84,0.0
2022-06-03 00:00:00,2022-06-03 15:09:00,329,2,45,181,Tarjeta,1,0.0,2,17.8,17.8,8.9,8.9,0.0
2022-06-03 00:00:00,2022-06-03 15:55:00,647,2,63,284,YAPE,1,0.0,10,147.0999999999999,147.0999999999999,14.70999999999999,14.70999999999999,0.0
2022-06-03 00:00:00,2022-06-03 16:06:00,172,2,21,102,Transferencia Bancaria - Banco 2,1,0.0,17,66.03,66.03,3.8841176470588237,3.8841176470588237,0.0
2022-06-03 00:00:00,2022-06-03 17:23:00,99,2,15,47,YAPE,1,0.0,2,39.09,39.09,19.545,19.545,0.0
2022-06-03 00:00:00,2022-06-03 18:10:00,396,6,51,201,YAPE,1,0.0,1,33.9,33.9,33.9,33.9,0.0
2022-06-03 00:00:00,2022-06-03 18:17:00,402,6,51,201,YAPE,1,0.0,2,20.19,20.19,10.095,10.095,0.0
2022-06-03 00:00:00,2022-06-03 18:40:00,670,2,63,266,YAPE,1,0.0,6,51.5999999999998,51.5999999999998,8.599999999999968,8.599999999999968,0.0
2022-06-03 00:00:00,2022-06-03 18:44:00,628,2,63,271,YAPE,1,0.0,2,17.2,17.2,8.6,8.6,0.0
2022-06-03 00:00:00,2022-06-03 19:18:00,603,6,61,256,Transferencia Bancaria - Banco 2,0,0.0,6,23.94,23.94,3.99,3.99,0.0
2022-06-03 00:00:00,2022-06-03 19:19:00,597,6,61,258,Transferencia Bancaria - Banco 2,1,0.0,2,7.98,7.98,3.99,3.99,0.0
2022-06-03 00:00:00,2022-06-03 19:56:00,243,2,39,136,YAPE,1,0.0,18,215.5,215.5,11.972222222222221,11.972222222222221,0.0
2022-06-03 00:00:00,2022-06-03 20:03:00,391,6,51,201,YAPE,1,0.0,1,8.99,8.99,8.99,8.99,0.0
2022-06-04 00:00:00,2022-06-04 06:09:00,89,2,13,51,YAPE,1,0.0,19,62.099999999999994,62.099999999999994,3.2684210526315787,3.2684210526315787,0.0
2022-06-04 00:00:00,2022-06-04 06:11:00,90,2,13,51,YAPE,1,0.0,2,33.98,33.98,16.99,16.99,0.0
2022-06-04 00:00:00,2022-06-04 10:25:00,641,2,63,271,YAPE,1,15.9999999999999,10,138.99,154.99,15.499,13.899000000000001,1.59999999999999
2022-06-04 00:00:00,2022-06-04 13:51:00,45,2,6,11,YAPE,1,15.9999999999999,11,135.51999999999998,151.51999999999998,13.774545454545454,12.319999999999999,1.4545454545454455
2022-06-04 00:00:00,2022-06-04 15:44:00,452,6,51,201,YAPE,1,0.0,11,61.209999999999994,61.209999999999994,5.564545454545454,5.564545454545454,0.0
2022-06-04 00:00:00,2022-06-04 15:47:00,461,6,51,211,YAPE,1,0.0,1,18.4,18.4,18.4,18.4,0.0
2022-06-04 00:00:00,2022-06-04 15:49:00,380,6,51,200,YAPE,1,0.0,1,18.4,18.4,18.4,18.4,0.0
2022-06-04 00:00:00,2022-06-04 16:31:00,353,2,45,160,YAPE,1,15.9999999999999,10,135.97,151.97,15.197,13.597,1.59999999999999
2022-06-04 00:00:00,2022-06-04 21:23:00,601,6,61,260,Tarjeta,1,0.0,9,89.23,89.23,9.914444444444445,9.914444444444445,0.0
2022-06-04 00:00:00,2022-06-04 21:44:00,602,6,61,261,Tarjeta,1,0.0,10,118.5,118.5,11.85,11.85,0.0
2022-06-04 00:00:00,2022-06-04 22:32:00,661,2,63,287,YAPE,1,15.9999999999999,12,134.85000000000002,150.85000000000002,12.570833333333335,11.237500000000002,1.333333333333325
2022-06-04 00:00:00,2022-06-04 23:19:00,306,2,45,153,YAPE,1,15.9999999999999,17,134.35000000000002,150.35000000000002,8.844117647058825,7.9029411764705895,0.9411764705882294
2022-06-05 00:00:00,2022-06-05 01:24:00,382,6,51,203,YAPE,1,0.0,5,59.160000000000004,59.160000000000004,11.832,11.832,0.0
2022-06-05 00:00:00,2022-06-05 08:34:00,605,6,61,256,YAPE,1,0.0,6,23.94,23.94,3.99,3.99,0.0
2022-06-05 00:00:00,2022-06-05 09:38:00,186,2,25,109,YAPE,1,0.0,2,93.80000000000001,93.80000000000001,46.900000000000006,46.900000000000006,0.0
2022-06-05 00:00:00,2022-06-05 10:14:00,622,2,63,274,Tarjeta,1,0.0,11,92.82,92.82,8.438181818181818,8.438181818181818,0.0
2022-06-05 00:00:00,2022-06-05 11:15:00,275,2,44,147,Transferencia Bancaria - Banco 2,1,0.0,58,440.8450000000001,440.8450000000001,7.600775862068967,7.600775862068967,0.0
2022-06-05 00:00:00,2022-06-05 11:39:00,649,2,63,285,YAPE,1,15.9999999999999,14,135.02,151.02,10.787142857142857,9.644285714285715,1.1428571428571357
2022-06-05 00:00:00,2022-06-05 14:06:00,211,2,28,122,YAPE,1,0.0,9,81.03,81.03,9.003333333333334,9.003333333333334,0.0
2022-06-05 00:00:00,2022-06-05 15:46:00,508,6,51,200,YAPE,1,0.0,1,26.39,26.39,26.39,26.39,0.0
2022-06-05 00:00:00,2022-06-05 17:29:00,209,2,28,121,YAPE,1,0.0,9,52.72999999999999,52.72999999999999,5.858888888888888,5.858888888888888,0.0
2022-06-05 00:00:00,2022-06-05 17:30:00,354,2,45,153,YAPE,1,15.9999999999999,12,134.16,150.15999999999997,12.51333333333333,11.18,1.333333333333325
2022-06-05 00:00:00,2022-06-05 18:39:00,646,2,63,267,YAPE,1,0.0,2,28.89,28.89,14.445,14.445,0.0
2022-06-05 00:00:00,2022-06-05 20:16:00,569,6,59,245,Transferencia Bancaria - Banco 4,1,0.0,31,185.64,185.64,5.9883870967741935,5.9883870967741935,0.0
2022-06-05 00:00:00,2022-06-05 21:19:00,79,2,13,52,YAPE,1,0.0,8,51.230000000000004,51.230000000000004,6.4037500000000005,6.4037500000000005,0.0
2022-06-06 00:00:00,2022-06-06 09:04:00,103,2,15,58,Transferencia Bancaria - Banco 2,1,62.8409999999999,8,1.680000000000002,64.521,8.065125,0.21000000000000024,7.855124999999988
2022-06-06 00:00:00,2022-06-06 11:02:00,173,2,22,103,YAPE,1,0.0,20,102.56,102.56,5.128,5.128,0.0
2022-06-06 00:00:00,2022-06-06 12:38:00,340,2,45,151,YAPE,1,0.0,10,72.69999999999999,72.69999999999999,7.269999999999999,7.269999999999999,0.0
2022-06-06 00:00:00,2022-06-06 14:08:00,293,2,45,153,YAPE,0,0.0,1,8.89,8.89,8.89,8.89,0.0
2022-06-06 00:00:00,2022-06-06 14:17:00,280,2,45,153,YAPE,1,0.0,4,31.96,31.96,7.99,7.99,0.0
2022-06-06 00:00:00,2022-06-06 14:24:00,97,2,14,56,YAPE,1,0.0,1,29.9,29.9,29.9,29.9,0.0
2022-06-06 00:00:00,2022-06-06 14:29:00,278,2,45,153,YAPE,0,0.0,2,9.98,9.98,4.99,4.99,0.0
2022-06-06 00:00:00,2022-06-06 14:34:00,425,6,51,200,YAPE,1,0.0,1,20.9,20.9,20.9,20.9,0.0
2022-06-06 00:00:00,2022-06-06 14:51:00,59,2,10,46,YAPE,1,0.0,15,69.57000000000001,69.57000000000001,4.638000000000001,4.638000000000001,0.0
2022-06-06 00:00:00,2022-06-06 15:19:00,369,2,50,197,YAPE,1,0.0,9,241.77000000000004,241.77000000000004,26.863333333333337,26.863333333333337,0.0
2022-06-06 00:00:00,2022-06-06 15:35:00,18,2,6,14,Efectivo contra-entrega,1,0.0,10,89.9,89.9,8.99,8.99,0.0
2022-06-06 00:00:00,2022-06-06 15:47:00,459,6,51,200,YAPE,1,0.0,1,35.9,35.9,35.9,35.9,0.0
2022-06-06 00:00:00,2022-06-06 16:07:00,507,6,51,219,YAPE,1,0.0,7,28.46,28.46,4.065714285714286,4.065714285714286,0.0
2022-06-06 00:00:00,2022-06-06 16:08:00,195,2,26,114,YAPE,1,0.0,5,60.77,60.77,12.154,12.154,0.0
2022-06-06 00:00:00,2022-06-06 16:09:00,316,2,45,160,YAPE,1,0.0,2,71.89,71.89,35.945,35.945,0.0
2022-06-06 00:00:00,2022-06-06 16:12:00,464,6,51,200,YAPE,1,0.0,12,69.01,69.01,5.7508333333333335,5.7508333333333335,0.0
2022-06-06 00:00:00,2022-06-06 16:18:00,350,2,45,160,YAPE,1,0.0,21,32.199999999999996,32.199999999999996,1.5333333333333332,1.5333333333333332,0.0
2022-06-06 00:00:00,2022-06-06 16:30:00,377,6,51,201,YAPE,1,0.0,6,36.29,36.29,6.048333333333333,6.048333333333333,0.0
2022-06-06 00:00:00,2022-06-06 16:46:00,343,2,45,160,YAPE,1,0.0,2,49.8,49.8,24.9,24.9,0.0
2022-06-06 00:00:00,2022-06-06 18:14:00,157,2,20,90,YAPE,1,10.009999999999991,5,55.27999999999999,65.28999999999999,13.057999999999998,11.055999999999997,2.001999999999998
2022-06-06 00:00:00,2022-06-06 18:18:00,258,2,41,142,YAPE,1,0.0,12,45.48,45.48,3.7899999999999996,3.7899999999999996,0.0
2022-06-06 00:00:00,2022-06-06 18:19:00,255,2,41,139,YAPE,1,0.0,14,58.870000000000005,58.870000000000005,4.205,4.205,0.0
2022-06-06 00:00:00,2022-06-06 18:22:00,361,2,49,191,Tarjeta,1,0.0,4,69.89,69.89,17.4725,17.4725,0.0
2022-06-06 00:00:00,2022-06-06 18:23:00,263,2,41,141,YAPE,1,0.0,12,45.48,45.48,3.7899999999999996,3.7899999999999996,0.0
2022-06-06 00:00:00,2022-06-06 18:24:00,175,2,22,103,YAPE,1,0.0,7,47.67999999999999,47.67999999999999,6.8114285714285705,6.8114285714285705,0.0
2022-06-06 00:00:00,2022-06-06 18:28:00,270,2,44,147,Transferencia Bancaria - Banco 2,1,0.0,59,568.0310000000001,568.0310000000001,9.627644067796611,9.627644067796611,0.0
2022-06-06 00:00:00,2022-06-06 19:48:00,318,2,45,160,YAPE,1,0.0,2,17.78,17.78,8.89,8.89,0.0
2022-06-06 00:00:00,2022-06-06 19:53:00,648,2,63,279,Transferencia Bancaria - Banco 1,1,0.0,5,71.16,71.16,14.232,14.232,0.0
2022-06-06 00:00:00,2022-06-06 20:23:00,611,6,61,264,Transferencia Bancaria - Banco 2,1,0.0,6,83.6699999999999,83.6699999999999,13.944999999999984,13.944999999999984,0.0
2022-06-06 00:00:00,2022-06-06 20:38:00,595,6,61,257,Transferencia Bancaria - Banco 2,1,0.0,11,141.86,141.86,12.896363636363638,12.896363636363638,0.0
2022-06-06 00:00:00,2022-06-06 21:43:00,420,6,51,201,YAPE,1,0.0,7,64.27,64.27,9.18142857142857,9.18142857142857,0.0
2022-06-06 00:00:00,2022-06-06 21:51:00,392,6,51,201,YAPE,1,0.0,1,6.99,6.99,6.99,6.99,0.0
2022-06-07 00:00:00,2022-06-07 08:40:00,191,2,26,111,YAPE,1,0.0,8,46.67000000000001,46.67000000000001,5.833750000000001,5.833750000000001,0.0
2022-06-07 00:00:00,2022-06-07 09:17:00,288,2,45,160,YAPE,1,0.0,1,8.89,8.89,8.89,8.89,0.0
2022-06-07 00:00:00,2022-06-07 09:20:00,284,2,45,153,YAPE,1,0.0,1,8.89,8.89,8.89,8.89,0.0
2022-06-07 00:00:00,2022-06-07 09:21:00,347,2,45,153,YAPE,1,0.0,2,9.98,9.98,4.99,4.99,0.0
2022-06-07 00:00:00,2022-06-07 09:43:00,283,2,45,153,YAPE,1,0.0,1,8.89,8.89,8.89,8.89,0.0
2022-06-07 00:00:00,2022-06-07 09:44:00,330,2,45,153,YAPE,1,0.0,1,36.9,36.9,36.9,36.9,0.0
2022-06-07 00:00:00,2022-06-07 09:49:00,301,2,45,153,YAPE,1,0.0,3,9.3,9.3,3.1,3.1,0.0
2022-06-07 00:00:00,2022-06-07 09:50:00,313,2,45,153,YAPE,1,0.0,1,3.1,3.1,3.1,3.1,0.0
2022-06-07 00:00:00,2022-06-07 09:50:00,341,2,45,153,YAPE,1,0.0,1,3.1,3.1,3.1,3.1,0.0
2022-06-07 00:00:00,2022-06-07 09:51:00,302,2,45,153,YAPE,1,0.0,1,3.1,3.1,3.1,3.1,0.0
2022-06-07 00:00:00,2022-06-07 09:51:00,332,2,45,153,YAPE,1,0.0,1,3.1,3.1,3.1,3.1,0.0
2022-06-07 00:00:00,2022-06-07 10:16:00,131,2,17,63,YAPE,1,0.0,5,36.95,36.95,7.390000000000001,7.390000000000001,0.0
2022-06-07 00:00:00,2022-06-07 10:45:00,498,6,51,201,YAPE,1,0.0,5,75.69,75.69,15.138,15.138,0.0
2022-06-07 00:00:00,2022-06-07 11:47:00,357,2,46,188,Tarjeta,1,0.0,2,32.0,32.0,16.0,16.0,0.0
2022-06-07 00:00:00,2022-06-07 12:21:00,128,2,17,63,YAPE,1,0.0,2,12.88,12.88,6.44,6.44,0.0
2022-06-07 00:00:00,2022-06-07 14:12:00,276,2,45,151,YAPE,1,0.0,1,9.99,9.99,9.99,9.99,0.0
2022-06-07 00:00:00,2022-06-07 14:12:00,320,2,45,151,YAPE,1,0.0,1,16.0,16.0,16.0,16.0,0.0
2022-06-07 00:00:00,2022-06-07 16:13:00,111,6,16,59,YAPE,1,0.0,5,95.49,95.49,19.098,19.098,0.0
2022-06-07 00:00:00,2022-06-07 16:14:00,251,2,39,136,YAPE,1,0.0,28,213.08000000000004,213.08000000000004,7.610000000000001,7.610000000000001,0.0
2022-06-07 00:00:00,2022-06-07 16:22:00,108,6,16,60,Tarjeta,1,0.0,2,23.89,23.89,11.945,11.945,0.0
2022-06-07 00:00:00,2022-06-07 16:33:00,637,2,63,281,YAPE,1,0.0,41,361.29999999999995,361.29999999999995,8.812195121951218,8.812195121951218,0.0
2022-06-07 00:00:00,2022-06-07 16:34:00,634,2,63,266,YAPE,1,0.0,2,33.28,33.28,16.64,16.64,0.0
2022-06-07 00:00:00,2022-06-07 16:53:00,193,2,26,113,YAPE,1,0.0,2,53.0,53.0,26.5,26.5,0.0
2022-06-07 00:00:00,2022-06-07 17:15:00,189,2,25,109,Tarjeta,1,0.0,1,8.89,8.89,8.89,8.89,0.0
2022-06-07 00:00:00,2022-06-07 18:44:00,656,2,63,279,Transferencia Bancaria - Banco 1,0,0.0,1,7.49,7.49,7.49,7.49,0.0
2022-06-07 00:00:00,2022-06-07 19:40:00,505,6,51,201,YAPE,0,0.0,1,13.99,13.99,13.99,13.99,0.0
2022-06-07 00:00:00,2022-06-07 20:14:00,178,2,23,104,Tarjeta,1,0.0,2,53.0,53.0,26.5,26.5,0.0
2022-06-08 00:00:00,2022-06-08 07:14:00,231,2,33,127,Transferencia Bancaria - Banco 2,1,0.0,17,99.0,99.0,5.823529411764706,5.823529411764706,0.0
2022-06-08 00:00:00,2022-06-08 09:03:00,620,2,63,272,YAPE,1,0.0,9,57.49999999999999,57.49999999999999,6.388888888888888,6.388888888888888,0.0
2022-06-08 00:00:00,2022-06-08 09:05:00,625,2,63,273,YAPE,1,0.0,4,19.6,19.6,4.9,4.9,0.0
2022-06-08 00:00:00,2022-06-08 11:22:00,310,2,45,164,YAPE,1,9.99999999999998,4,56.38999999999999,66.39,16.5975,14.097499999999998,2.499999999999995
2022-06-08 00:00:00,2022-06-08 11:27:00,324,2,45,177,YAPE,1,9.99999999999999,4,63.78,73.78,18.445,15.945,2.4999999999999973
2022-06-08 00:00:00,2022-06-08 12:00:00,379,6,51,201,YAPE,1,0.0,1,13.99,13.99,13.99,13.99,0.0
2022-06-08 00:00:00,2022-06-08 12:02:00,511,6,51,201,YAPE,1,0.0,2,7.98,7.98,3.99,3.99,0.0
2022-06-08 00:00:00,2022-06-08 12:05:00,407,6,51,200,YAPE,1,0.0,1,3.99,3.99,3.99,3.99,0.0
2022-06-08 00:00:00,2022-06-08 13:08:00,122,2,17,62,YAPE,1,0.0,2,10.89,10.89,5.445,5.445,0.0
2022-06-08 00:00:00,2022-06-08 13:53:00,640,2,63,279,Transferencia Bancaria - Banco 1,1,0.0,1,7.49,7.49,7.49,7.49,0.0
2022-06-08 00:00:00,2022-06-08 13:55:00,631,2,63,279,YAPE,1,0.0,11,68.89,68.89,6.262727272727273,6.262727272727273,0.0
2022-06-08 00:00:00,2022-06-08 14:14:00,375,6,51,200,YAPE,1,0.0,5,38.53,38.53,7.706,7.706,0.0
2022-06-08 00:00:00,2022-06-08 14:38:00,642,2,63,282,YAPE,1,0.0,2,11.98,11.98,5.99,5.99,0.0
2022-06-08 00:00:00,2022-06-08 14:47:00,435,6,51,200,YAPE,1,0.0,16,139.39,139.39,8.711875,8.711875,0.0
2022-06-08 00:00:00,2022-06-08 15:37:00,121,2,17,61,YAPE,1,14.99999999999997,10,134.45,149.45,14.944999999999999,13.444999999999999,1.499999999999997
2022-06-08 00:00:00,2022-06-08 17:31:00,115,6,16,59,YAPE,1,0.0,3,22.46,22.46,7.486666666666667,7.486666666666667,0.0
2022-06-08 00:00:00,2022-06-08 17:36:00,86,2,13,54,Transferencia Bancaria - Banco 1,1,0.0,8,91.43999999999998,91.43999999999998,11.429999999999998,11.429999999999998,0.0
2022-06-08 00:00:00,2022-06-08 17:38:00,120,6,16,59,YAPE,1,0.0,3,51.7,51.7,17.233333333333334,17.233333333333334,0.0
2022-06-08 00:00:00,2022-06-08 17:45:00,112,6,16,59,YAPE,1,0.0,1,19.5,19.5,19.5,19.5,0.0
2022-06-08 00:00:00,2022-06-08 18:11:00,327,2,45,179,YAPE,1,9.99999999999999,5,55.95,65.95,13.190000000000001,11.190000000000001,1.9999999999999978
2022-06-08 00:00:00,2022-06-08 18:33:00,548,6,59,244,Transferencia Bancaria - Banco 2,1,0.0,15,87.58,87.58,5.838666666666667,5.838666666666667,0.0
2022-06-08 00:00:00,2022-06-08 18:46:00,62,2,10,46,YAPE,1,0.0,8,34.089999999999996,34.089999999999996,4.2612499999999995,4.2612499999999995,0.0
2022-06-08 00:00:00,2022-06-08 19:09:00,492,6,51,200,YAPE,1,0.0,4,15.96,15.96,3.99,3.99,0.0
2022-06-08 00:00:00,2022-06-08 19:13:00,411,6,51,200,YAPE,1,0.0,1,9.9,9.9,9.9,9.9,0.0
2022-06-08 00:00:00,2022-06-08 19:26:00,132,2,17,68,YAPE,1,0.0,12,52.07999999999999,52.07999999999999,4.339999999999999,4.339999999999999,0.0
2022-06-08 00:00:00,2022-06-08 19:56:00,91,2,13,51,YAPE,1,0.0,12,95.49999999999999,95.49999999999999,7.958333333333332,7.958333333333332,0.0
2022-06-08 00:00:00,2022-06-08 19:57:00,315,2,45,171,YAPE,1,9.99999999999998,2,55.79,65.78999999999999,32.894999999999996,27.895,4.99999999999999
2022-06-08 00:00:00,2022-06-08 19:59:00,309,2,45,171,YAPE,1,0.0,2,31.98,31.98,15.99,15.99,0.0
2022-06-08 00:00:00,2022-06-08 20:31:00,94,2,14,57,Tarjeta,1,0.0,39,414.7199999999999,414.7199999999999,10.633846153846152,10.633846153846152,0.0
2022-06-08 00:00:00,2022-06-08 21:25:00,475,6,51,200,YAPE,1,0.0,1,49.9,49.9,49.9,49.9,0.0
2022-06-09 00:00:00,2022-06-09 08:54:00,170,2,20,100,Tarjeta,1,0.0,21,102.27999999999997,102.27999999999997,4.8704761904761895,4.8704761904761895,0.0
2022-06-09 00:00:00,2022-06-09 09:21:00,105,6,16,59,YAPE,1,0.0,3,34.19,34.19,11.396666666666667,11.396666666666667,0.0
2022-06-09 00:00:00,2022-06-09 11:29:00,127,2,17,65,YAPE,1,0.0,3,53.48,53.48,17.826666666666664,17.826666666666664,0.0
2022-06-09 00:00:00,2022-06-09 13:03:00,297,2,45,167,YAPE,1,0.0,25,56.279999999999944,56.279999999999944,2.2511999999999976,2.2511999999999976,0.0
2022-06-09 00:00:00,2022-06-09 13:03:00,93,2,14,56,YAPE,1,29.8999999999999,2,5.889999999999999,35.79,17.895,2.9449999999999994,14.94999999999995
2022-06-09 00:00:00,2022-06-09 14:30:00,482,6,51,200,YAPE,1,0.0,8,47.04,47.04,5.88,5.88,0.0
2022-06-09 00:00:00,2022-06-09 14:53:00,158,2,20,91,Transferencia Bancaria - Banco 1,1,0.0,10,23.9,23.9,2.3899999999999997,2.3899999999999997,0.0
2022-06-09 00:00:00,2022-06-09 14:57:00,664,2,63,268,YAPE,1,0.0,1,13.99,13.99,13.99,13.99,0.0
2022-06-09 00:00:00,2022-06-09 15:32:00,563,6,59,244,Transferencia Bancaria - Banco 2,1,0.0,23,361.85,361.85,15.732608695652175,15.732608695652175,0.0
2022-06-09 00:00:00,2022-06-09 16:12:00,252,2,40,138,Tarjeta,1,0.0,5,40.39,40.39,8.078,8.078,0.0
2022-06-09 00:00:00,2022-06-09 17:14:00,253,2,40,138,Tarjeta,1,0.0,15,146.43,146.43,9.762,9.762,0.0
2022-06-09 00:00:00,2022-06-09 18:20:00,66,2,11,48,Transferencia Bancaria - Banco 3,1,0.0,8,108.29,108.29,13.53625,13.53625,0.0
2022-06-09 00:00:00,2022-06-09 18:54:00,130,2,17,67,Tarjeta,0,15.015999999999984,63,476.41,491.42600000000004,7.800412698412699,7.562063492063492,0.2383492063492061
2022-06-09 00:00:00,2022-06-09 19:26:00,232,2,34,128,YAPE,1,0.0,11,43.17,43.17,3.924545454545455,3.924545454545455,0.0
2022-06-09 00:00:00,2022-06-09 19:32:00,526,2,56,230,Tarjeta,1,0.0,4,18.365000000000002,18.365000000000002,4.5912500000000005,4.5912500000000005,0.0
2022-06-09 00:00:00,2022-06-09 19:49:00,368,2,50,196,Transferencia Bancaria - Banco 2,1,0.0,4,43.28,43.28,10.82,10.82,0.0
2022-06-09 00:00:00,2022-06-09 19:54:00,44,2,6,11,Efectivo contra-entrega,1,0.0,6,45.260000000000005,45.260000000000005,7.543333333333334,7.543333333333334,0.0
2022-06-10 00:00:00,2022-06-10 09:52:00,235,2,35,130,YAPE,1,0.0,4,35.78,35.78,8.945,8.945,0.0
2022-06-10 00:00:00,2022-06-10 09:57:00,134,2,17,70,YAPE,1,0.0,5,51.86,51.86,10.372,10.372,0.0
2022-06-10 00:00:00,2022-06-10 10:04:00,217,2,29,123,Transferencia Bancaria - Banco 2,1,0.0,26,217.98000000000002,217.98000000000002,8.383846153846154,8.383846153846154,0.0
2022-06-10 00:00:00,2022-06-10 10:08:00,300,2,45,168,YAPE,1,9.989999999999979,13,55.50999999999999,65.5,5.038461538461538,4.27,0.7684615384615369
2022-06-10 00:00:00,2022-06-10 10:57:00,668,2,63,268,YAPE,1,0.0,1,22.95,22.95,22.95,22.95,0.0
2022-06-10 00:00:00,2022-06-10 11:03:00,319,2,45,174,YAPE,1,10.00999999999997,6,55.230000000000004,65.24000000000001,10.873333333333335,9.205,1.6683333333333283
2022-06-10 00:00:00,2022-06-10 12:34:00,220,2,31,125,YAPE,1,0.0,8,60.169999999999995,60.169999999999995,7.521249999999999,7.521249999999999,0.0
2022-06-10 00:00:00,2022-06-10 13:24:00,621,2,63,273,YAPE,1,0.0,5,54.55,54.55,10.91,10.91,0.0
2022-06-10 00:00:00,2022-06-10 15:54:00,333,2,45,183,YAPE,1,9.99999999999999,2,55.8,65.8,32.9,27.9,4.999999999999995
2022-06-10 00:00:00,2022-06-10 16:13:00,466,6,51,200,YAPE,1,0.0,4,108.18999999999899,108.18999999999899,27.047499999999747,27.047499999999747,0.0
2022-06-10 00:00:00,2022-06-10 16:16:00,399,6,51,200,YAPE,1,0.0,1,17.79,17.79,17.79,17.79,0.0
2022-06-10 00:00:00,2022-06-10 16:20:00,432,6,51,200,YAPE,1,0.0,7,26.439999999999998,26.439999999999998,3.7771428571428567,3.7771428571428567,0.0
2022-06-10 00:00:00,2022-06-10 16:58:00,598,6,61,257,Tarjeta,1,0.0,7,51.34000000000001,51.34000000000001,7.334285714285715,7.334285714285715,0.0
2022-06-10 00:00:00,2022-06-10 17:24:00,262,2,41,142,YAPE,1,0.0,6,22.74,22.74,3.7899999999999996,3.7899999999999996,0.0
2022-06-10 00:00:00,2022-06-10 17:26:00,155,2,20,88,Tarjeta,1,0.0,17,153.5099999999999,153.5099999999999,9.029999999999994,9.029999999999994,0.0
2022-06-10 00:00:00,2022-06-10 17:27:00,529,2,58,233,Transferencia Bancaria - Banco 1,1,0.0,2,33.98,33.98,16.99,16.99,0.0
2022-06-10 00:00:00,2022-06-10 17:29:00,254,2,41,139,YAPE,1,0.0,6,22.74,22.74,3.7899999999999996,3.7899999999999996,0.0
2022-06-10 00:00:00,2022-06-10 17:44:00,345,2,45,186,YAPE,1,9.99999999999999,4,59.08,69.08,17.27,14.77,2.4999999999999973
2022-06-10 00:00:00,2022-06-10 17:45:00,83,2,13,51,YAPE,1,0.0,13,138.22,138.22,10.632307692307693,10.632307692307693,0.0
2022-06-10 00:00:00,2022-06-10 17:46:00,365,2,50,194,Transferencia Bancaria - Banco 2,1,0.0,7,56.22999999999999,56.22999999999999,8.032857142857141,8.032857142857141,0.0
2022-06-10 00:00:00,2022-06-10 18:03:00,107,6,16,60,Tarjeta,1,0.0,16,92.60000000000001,92.60000000000001,5.7875000000000005,5.7875000000000005,0.0
2022-06-10 00:00:00,2022-06-10 18:12:00,277,2,45,152,YAPE,1,10.009999999999991,5,56.24,66.25,13.25,11.248000000000001,2.001999999999998
2022-06-10 00:00:00,2022-06-10 18:15:00,541,2,58,242,Transferencia Bancaria - Banco 1,1,0.0,5,31.56,31.56,6.311999999999999,6.311999999999999,0.0
2022-06-10 00:00:00,2022-06-10 18:38:00,164,2,20,84,YAPE,1,0.0,2,35.0,35.0,17.5,17.5,0.0
2022-06-10 00:00:00,2022-06-10 18:38:00,92,2,14,55,YAPE,1,0.0,16,227.59999999999997,227.59999999999997,14.224999999999998,14.224999999999998,0.0
2022-06-10 00:00:00,2022-06-10 18:41:00,95,2,14,56,YAPE,1,0.0,10,59.91,59.91,5.991,5.991,0.0
2022-06-10 00:00:00,2022-06-10 18:42:00,96,2,14,55,YAPE,1,0.0,1,1.99,1.99,1.99,1.99,0.0
2022-06-10 00:00:00,2022-06-10 18:44:00,245,2,39,136,YAPE,1,0.0,9,85.16,85.16,9.462222222222222,9.462222222222222,0.0
2022-06-10 00:00:00,2022-06-10 18:49:00,126,2,17,66,YAPE,1,0.0,1,119.9,119.9,119.9,119.9,0.0
2022-06-10 00:00:00,2022-06-10 19:19:00,124,2,17,64,YAPE,1,0.0,1,119.9,119.9,119.9,119.9,0.0
2022-06-10 00:00:00,2022-06-10 19:23:00,223,2,31,125,YAPE,1,0.0,1,5.1,5.1,5.1,5.1,0.0
2022-06-10 00:00:00,2022-06-10 19:25:00,129,2,17,67,Tarjeta,1,14.975999999999981,57,389.65999999999997,404.636,7.098877192982457,6.8361403508771925,0.2627368421052628
2022-06-10 00:00:00,2022-06-10 19:45:00,196,2,26,115,YAPE,1,15.019999999999978,7,56.57000000000001,71.59,10.227142857142857,8.081428571428573,2.145714285714283
2022-06-10 00:00:00,2022-06-10 21:30:00,321,2,45,175,YAPE,1,9.99999999999999,5,55.89,65.89,13.178,11.178,1.9999999999999978
2022-06-10 00:00:00,2022-06-10 21:40:00,331,2,45,182,YAPE,1,0.0,1,9.99,9.99,9.99,9.99,0.0
2022-06-10 00:00:00,2022-06-10 22:43:00,378,6,51,200,YAPE,1,0.0,3,23.7,23.7,7.8999999999999995,7.8999999999999995,0.0
2022-06-10 00:00:00,2022-06-10 22:44:00,397,6,51,201,YAPE,1,0.0,3,23.7,23.7,7.8999999999999995,7.8999999999999995,0.0
2022-06-10 00:00:00,2022-06-10 22:45:00,419,6,51,211,YAPE,1,0.0,3,23.7,23.7,7.8999999999999995,7.8999999999999995,0.0
2022-06-10 00:00:00,2022-06-10 22:46:00,470,6,51,202,YAPE,1,0.0,3,23.7,23.7,7.8999999999999995,7.8999999999999995,0.0
2022-06-11 00:00:00,2022-06-11 16:26:00,616,2,63,268,YAPE,1,0.0,1,22.95,22.95,22.95,22.95,0.0
2022-06-11 00:00:00,2022-06-11 16:35:00,663,2,63,279,YAPE,1,0.0,5,110.61999999999998,110.61999999999998,22.123999999999995,22.123999999999995,0.0
2022-06-11 00:00:00,2022-06-11 16:54:00,292,2,45,163,YAPE,1,9.99999999999998,4,55.78,65.78,16.445,13.945,2.499999999999995
2022-06-11 00:00:00,2022-06-11 19:44:00,133,2,17,69,Tarjeta,1,0.0,11,127.30999999999999,127.30999999999999,11.573636363636362,11.573636363636362,0.0
2022-06-11 00:00:00,2022-06-11 20:57:00,5,2,3,3,Tarjeta,1,0.0,13,75.98,75.98,5.844615384615385,5.844615384615385,0.0
2022-06-11 00:00:00,2022-06-11 21:14:00,287,2,45,159,YAPE,1,0.0,1,9.6,9.6,9.6,9.6,0.0
2022-06-11 00:00:00,2022-06-11 21:40:00,307,2,45,169,YAPE,1,0.0,1,9.99,9.99,9.99,9.99,0.0
2022-06-12 00:00:00,2022-06-12 09:26:00,212,2,28,119,Tarjeta,1,0.0,34,327.96,327.96,9.645882352941175,9.645882352941175,0.0
2022-06-12 00:00:00,2022-06-12 11:47:00,536,2,58,239,YAPE,1,0.0,2,33.98,33.98,16.99,16.99,0.0
2022-06-12 00:00:00,2022-06-12 15:23:00,6,2,3,3,Tarjeta,1,0.0,17,77.78999999999998,77.78999999999998,4.575882352941175,4.575882352941175,0.0
2022-06-12 00:00:00,2022-06-12 15:57:00,542,2,58,236,Transferencia Bancaria - Banco 2,1,0.0,7,23.51,23.51,3.358571428571429,3.358571428571429,0.0
2022-06-12 00:00:00,2022-06-12 17:51:00,154,2,20,87,Tarjeta,1,0.0,19,315.15,315.15,16.586842105263155,16.586842105263155,0.0
2022-06-12 00:00:00,2022-06-12 18:43:00,25,2,6,21,YAPE,1,0.0,7,40.35,40.35,5.764285714285714,5.764285714285714,0.0
2022-06-12 00:00:00,2022-06-12 19:46:00,314,2,45,172,YAPE,1,9.99999999999999,3,67.5,77.5,25.833333333333332,22.5,3.33333333333333
2022-06-12 00:00:00,2022-06-12 21:49:00,4,2,3,3,Tarjeta,1,0.0,9,114.3,114.3,12.7,12.7,0.0
2022-06-12 00:00:00,2022-06-12 21:52:00,8,2,3,3,Tarjeta,1,0.0,28,268.48,268.48,9.588571428571429,9.588571428571429,0.0
2022-06-12 00:00:00,2022-06-12 21:56:00,7,2,3,4,Tarjeta,1,0.0,6,29.4,29.4,4.8999999999999995,4.8999999999999995,0.0
2022-06-12 00:00:00,2022-06-12 22:42:00,274,2,44,148,Tarjeta,1,0.0,5,77.67999999999999,77.67999999999999,15.535999999999998,15.535999999999998,0.0
2022-06-13 00:00:00,2022-06-13 12:20:00,75,2,13,51,YAPE,1,0.0,6,46.78,46.78,7.796666666666667,7.796666666666667,0.0
2022-06-13 00:00:00,2022-06-13 12:55:00,286,2,45,158,YAPE,1,9.99999999999997,4,57.6,67.6,16.9,14.4,2.4999999999999925
2022-06-13 00:00:00,2022-06-13 12:58:00,451,6,51,202,YAPE,1,0.0,3,28.5,28.5,9.5,9.5,0.0
2022-06-13 00:00:00,2022-06-13 13:00:00,458,6,51,211,YAPE,1,0.0,2,28.29,28.29,14.145,14.145,0.0
2022-06-13 00:00:00,2022-06-13 13:37:00,662,2,63,288,YAPE,1,0.0,10,112.54,112.54,11.254000000000001,11.254000000000001,0.0
2022-06-13 00:00:00,2022-06-13 13:53:00,517,6,51,206,YAPE,1,0.0,2,319.8,319.8,159.9,159.9,0.0
2022-06-13 00:00:00,2022-06-13 17:32:00,570,6,59,244,Transferencia Bancaria - Banco 2,1,0.0,6,77.4,77.4,12.9,12.9,0.0
2022-06-13 00:00:00,2022-06-13 17:37:00,549,6,59,245,Transferencia Bancaria - Banco 2,1,0.0,4,55.6,55.6,13.9,13.9,0.0
2022-06-13 00:00:00,2022-06-13 17:46:00,557,6,59,249,Transferencia Bancaria - Banco 2,1,0.0,12,114.5699999999999,114.5699999999999,9.54749999999999,9.54749999999999,0.0
2022-06-13 00:00:00,2022-06-13 18:18:00,308,2,45,170,YAPE,1,9.999999999999961,6,55.68000000000001,65.68,10.946666666666667,9.280000000000001,1.66666666666666
2022-06-13 00:00:00,2022-06-13 18:30:00,279,2,45,154,YAPE,1,9.97999999999999,8,55.17999999999999,65.16,8.145,6.897499999999999,1.2474999999999987
2022-06-13 00:00:00,2022-06-13 18:58:00,623,2,63,275,YAPE,1,0.0,1,42.99,42.99,42.99,42.99,0.0
2022-06-13 00:00:00,2022-06-13 19:18:00,282,2,45,156,YAPE,1,10.01,4,56.57,66.58000000000001,16.645000000000003,14.1425,2.5025
2022-06-13 00:00:00,2022-06-13 19:28:00,446,6,51,206,YAPE,1,0.0,1,20.9,20.9,20.9,20.9,0.0
2022-06-13 00:00:00,2022-06-13 19:45:00,296,2,45,166,YAPE,1,10.021999999999968,8,56.57,66.59200000000001,8.324000000000002,7.07125,1.252749999999996
2022-06-13 00:00:00,2022-06-13 20:41:00,163,2,20,94,Transferencia Bancaria - Banco 2,1,0.0,6,99.39000000000001,99.39000000000001,16.565,16.565,0.0
2022-06-13 00:00:00,2022-06-13 21:38:00,229,2,33,127,Transferencia Bancaria - Banco 3,1,0.0,2,65.0,65.0,32.5,32.5,0.0
2022-06-14 00:00:00,2022-06-14 08:46:00,227,2,33,127,Transferencia Bancaria - Banco 2,1,0.0,2,65.0,65.0,32.5,32.5,0.0
2022-06-14 00:00:00,2022-06-14 11:09:00,592,6,60,255,YAPE,1,0.0,11,99.53,99.53,9.048181818181819,9.048181818181819,0.0
2022-06-14 00:00:00,2022-06-14 13:30:00,267,6,42,144,YAPE,0,0.0,2,63.8,63.8,31.9,31.9,0.0
2022-06-14 00:00:00,2022-06-14 14:19:00,358,2,47,189,YAPE,1,0.0,1,17.9,17.9,17.9,17.9,0.0
2022-06-14 00:00:00,2022-06-14 14:48:00,370,2,50,198,YAPE,1,14.989999999999979,7,37.790000000000006,52.78,7.54,5.3985714285714295,2.1414285714285684
2022-06-14 00:00:00,2022-06-14 14:48:00,98,2,15,58,Transferencia Bancaria - Banco 2,0,0.0,2,63.8,63.8,31.9,31.9,0.0
2022-06-14 00:00:00,2022-06-14 15:15:00,116,6,16,59,YAPE,1,0.0,9,167.25,167.25,18.583333333333332,18.583333333333332,0.0
2022-06-14 00:00:00,2022-06-14 15:17:00,106,6,16,59,YAPE,1,0.0,1,15.9,15.9,15.9,15.9,0.0
2022-06-14 00:00:00,2022-06-14 15:23:00,213,2,28,119,Tarjeta,1,0.0,3,41.279999999999994,41.279999999999994,13.759999999999998,13.759999999999998,0.0
2022-06-14 00:00:00,2022-06-14 15:35:00,525,2,56,231,YAPE,1,0.0,1,8.4,8.4,8.4,8.4,0.0
2022-06-14 00:00:00,2022-06-14 16:13:00,495,6,51,206,YAPE,1,0.0,4,29.769999999999996,29.769999999999996,7.442499999999999,7.442499999999999,0.0
2022-06-14 00:00:00,2022-06-14 16:32:00,214,2,28,121,YAPE,1,0.0,22,138.2,138.2,6.281818181818181,6.281818181818181,0.0
2022-06-14 00:00:00,2022-06-14 16:58:00,338,2,45,185,YAPE,1,9.989999999999988,7,55.870000000000005,65.86,9.40857142857143,7.981428571428572,1.4271428571428555
2022-06-14 00:00:00,2022-06-14 17:22:00,587,6,59,245,Transferencia Bancaria - Banco 2,1,0.0,6,65.4,65.4,10.9,10.9,0.0
2022-06-14 00:00:00,2022-06-14 17:26:00,558,6,59,244,Transferencia Bancaria - Banco 2,1,0.0,6,65.4,65.4,10.9,10.9,0.0
2022-06-14 00:00:00,2022-06-14 17:29:00,589,6,59,251,Transferencia Bancaria - Banco 2,1,0.0,6,65.4,65.4,10.9,10.9,0.0
2022-06-14 00:00:00,2022-06-14 17:31:00,584,6,59,252,Transferencia Bancaria - Banco 2,1,0.0,6,65.4,65.4,10.9,10.9,0.0
2022-06-14 00:00:00,2022-06-14 17:33:00,562,6,59,249,Transferencia Bancaria - Banco 2,1,0.0,6,65.4,65.4,10.9,10.9,0.0
2022-06-14 00:00:00,2022-06-14 17:35:00,181,2,24,106,Transferencia Bancaria - Banco 3,1,0.0,123,1174.7399999999989,1174.7399999999989,9.550731707317064,9.550731707317064,0.0
2022-06-14 00:00:00,2022-06-14 17:37:00,535,2,58,233,Tarjeta,1,0.0,3,42.480000000000004,42.480000000000004,14.160000000000002,14.160000000000002,0.0
2022-06-14 00:00:00,2022-06-14 17:39:00,372,2,50,194,Transferencia Bancaria - Banco 2,1,0.0,4,32.58,32.58,8.145,8.145,0.0
2022-06-14 00:00:00,2022-06-14 17:39:00,586,6,59,250,Transferencia Bancaria - Banco 2,1,0.0,6,65.4,65.4,10.9,10.9,0.0
2022-06-14 00:00:00,2022-06-14 17:49:00,388,6,51,206,YAPE,1,0.0,3,50.97,50.97,16.99,16.99,0.0
2022-06-14 00:00:00,2022-06-14 17:52:00,410,6,51,211,YAPE,1,0.0,1,16.99,16.99,16.99,16.99,0.0
2022-06-14 00:00:00,2022-06-14 18:30:00,61,2,10,46,YAPE,1,0.0,20,177.36000000000004,177.36000000000004,8.868000000000002,8.868000000000002,0.0
2022-06-14 00:00:00,2022-06-14 19:04:00,398,6,51,211,YAPE,1,0.0,3,8.97,8.97,2.99,2.99,0.0
2022-06-14 00:00:00,2022-06-14 19:05:00,422,6,51,206,YAPE,1,0.0,2,5.98,5.98,2.99,2.99,0.0
2022-06-14 00:00:00,2022-06-14 19:24:00,290,2,45,161,YAPE,1,9.98999999999997,7,55.580000000000005,65.57,9.367142857142856,7.94,1.4271428571428528
2022-06-14 00:00:00,2022-06-14 19:33:00,250,2,39,135,Transferencia Bancaria - Banco 1,1,0.0,2,15.690000000000001,15.690000000000001,7.845000000000001,7.845000000000001,0.0
2022-06-14 00:00:00,2022-06-14 21:10:00,476,6,51,206,YAPE,1,0.0,1,2.99,2.99,2.99,2.99,0.0
2022-06-14 00:00:00,2022-06-14 21:47:00,474,6,51,206,YAPE,1,0.0,13,165.21,165.21,12.708461538461538,12.708461538461538,0.0
2022-06-14 00:00:00,2022-06-14 22:49:00,429,6,51,206,YAPE,1,0.0,3,25.779999999999998,25.779999999999998,8.593333333333332,8.593333333333332,0.0
2022-06-15 00:00:00,2022-06-15 10:35:00,337,2,45,184,YAPE,1,9.979999999999995,10,57.64,67.62,6.7620000000000005,5.764,0.9979999999999996
2022-06-15 00:00:00,2022-06-15 10:52:00,240,6,38,134,YAPE,1,0.0,9,81.47,81.47,9.052222222222222,9.052222222222222,0.0
2022-06-15 00:00:00,2022-06-15 11:42:00,581,6,59,250,Transferencia Bancaria - Banco 2,0,0.0,6,65.38,65.38,10.896666666666667,10.896666666666667,0.0
2022-06-15 00:00:00,2022-06-15 12:14:00,102,2,15,58,YAPE,1,0.0,2,63.8,63.8,31.9,31.9,0.0
2022-06-15 00:00:00,2022-06-15 13:34:00,266,6,42,144,YAPE,1,0.0,1,31.9,31.9,31.9,31.9,0.0
2022-06-15 00:00:00,2022-06-15 14:47:00,202,2,28,118,Tarjeta,1,0.0,2,21.98,21.98,10.99,10.99,0.0
2022-06-15 00:00:00,2022-06-15 17:21:00,113,6,16,60,Tarjeta,1,0.0,3,21.98,21.98,7.326666666666667,7.326666666666667,0.0
2022-06-15 00:00:00,2022-06-15 17:30:00,520,2,54,228,YAPE,1,0.0,1,17.9,17.9,17.9,17.9,0.0
2022-06-15 00:00:00,2022-06-15 17:53:00,71,2,13,51,YAPE,1,0.0,12,68.6,68.6,5.716666666666666,5.716666666666666,0.0
2022-06-15 00:00:00,2022-06-15 18:44:00,166,2,20,97,YAPE,1,9.98999999999999,3,64.71,74.6999999999999,24.899999999999967,21.569999999999997,3.3299999999999965
2022-06-15 00:00:00,2022-06-15 18:46:00,159,2,20,92,YAPE,1,0.0,1,6.29,6.29,6.29,6.29,0.0
2022-06-15 00:00:00,2022-06-15 19:00:00,216,2,28,120,Transferencia Bancaria - Banco 3,1,34.7599999999999,2,1.699999999999998,36.459999999999994,18.229999999999997,0.849999999999999,17.37999999999995
2022-06-15 00:00:00,2022-06-15 19:06:00,566,6,59,249,Transferencia Bancaria - Banco 2,1,0.0,3,32.7,32.7,10.9,10.9,0.0
2022-06-15 00:00:00,2022-06-15 19:19:00,125,2,17,65,YAPE,1,0.0,13,159.929,159.929,12.30223076923077,12.30223076923077,0.0
2022-06-15 00:00:00,2022-06-15 19:22:00,76,2,13,51,YAPE,1,0.0,28,162.69,162.69,5.810357142857143,5.810357142857143,0.0
2022-06-15 00:00:00,2022-06-15 19:23:00,633,2,63,273,YAPE,1,0.0,6,91.07000000000001,91.07000000000001,15.178333333333335,15.178333333333335,0.0
2022-06-15 00:00:00,2022-06-15 19:28:00,294,2,45,164,YAPE,1,0.0,3,10.17,10.17,3.39,3.39,0.0
2022-06-15 00:00:00,2022-06-15 19:34:00,342,2,45,177,YAPE,1,0.0,3,10.969999999999999,10.969999999999999,3.6566666666666663,3.6566666666666663,0.0
2022-06-15 00:00:00,2022-06-15 19:38:00,349,2,45,179,YAPE,1,0.0,2,6.78,6.78,3.39,3.39,0.0
2022-06-15 00:00:00,2022-06-15 19:44:00,576,6,59,247,Transferencia Bancaria - Banco 2,0,0.0,6,65.38,65.38,10.896666666666667,10.896666666666667,0.0
2022-06-15 00:00:00,2022-06-15 19:46:00,230,2,33,127,Transferencia Bancaria - Banco 2,1,65.0,3,3.589999999999989,68.59,22.863333333333333,1.196666666666663,21.666666666666668
2022-06-15 00:00:00,2022-06-15 19:50:00,228,2,33,127,Transferencia Bancaria - Banco 2,1,64.99,3,5.0,69.99,23.33,1.6666666666666667,21.66333333333333
2022-06-15 00:00:00,2022-06-15 19:53:00,51,2,8,44,YAPE,1,0.0,16,182.33,182.33,11.395625,11.395625,0.0
2022-06-15 00:00:00,2022-06-15 21:15:00,238,2,36,132,Tarjeta,1,0.0,8,97.07099999999998,97.07099999999998,12.133874999999998,12.133874999999998,0.0
2022-06-15 00:00:00,2022-06-15 23:20:00,406,6,51,206,YAPE,1,0.0,16,32.64,32.64,2.04,2.04,0.0
2022-06-16 00:00:00,2022-06-16 04:09:00,560,6,59,247,Transferencia Bancaria - Banco 2,1,0.0,6,119.399999999999,119.399999999999,19.89999999999983,19.89999999999983,0.0
2022-06-16 00:00:00,2022-06-16 04:11:00,567,6,59,247,Transferencia Bancaria - Banco 2,1,0.0,6,119.399999999999,119.399999999999,19.89999999999983,19.89999999999983,0.0
2022-06-16 00:00:00,2022-06-16 07:26:00,386,6,51,206,YAPE,1,0.0,6,21.54,21.54,3.59,3.59,0.0
2022-06-16 00:00:00,2022-06-16 07:31:00,501,6,51,206,YAPE,1,0.0,2,29.8,29.8,14.9,14.9,0.0
2022-06-16 00:00:00,2022-06-16 08:03:00,204,2,28,119,Tarjeta,1,9.99999999999998,7,55.919999999999995,65.92,9.417142857142858,7.9885714285714275,1.4285714285714257
2022-06-16 00:00:00,2022-06-16 08:14:00,210,2,28,119,Tarjeta,1,0.0,8,65.4,65.4,8.175,8.175,0.0
2022-06-16 00:00:00,2022-06-16 10:22:00,77,2,13,51,YAPE,1,0.0,3,39.87,39.87,13.29,13.29,0.0
2022-06-16 00:00:00,2022-06-16 12:30:00,572,6,59,251,Transferencia Bancaria - Banco 2,1,0.0,2,39.8,39.8,19.9,19.9,0.0
2022-06-16 00:00:00,2022-06-16 12:45:00,414,6,51,206,YAPE,1,0.0,1,39.9,39.9,39.9,39.9,0.0
2022-06-16 00:00:00,2022-06-16 13:20:00,412,6,51,200,YAPE,1,0.0,1,20.99,20.99,20.99,20.99,0.0
2022-06-16 00:00:00,2022-06-16 14:54:00,644,2,63,271,Transferencia Bancaria - Banco 1,1,0.0,11,144.42000000000002,144.42000000000002,13.12909090909091,13.12909090909091,0.0
2022-06-16 00:00:00,2022-06-16 15:16:00,177,2,22,103,YAPE,1,0.0,5,114.88000000000001,114.88000000000001,22.976000000000003,22.976000000000003,0.0
2022-06-16 00:00:00,2022-06-16 17:16:00,72,2,13,53,Transferencia Bancaria - Banco 3,1,0.0,3,155.88,155.88,51.96,51.96,0.0
2022-06-16 00:00:00,2022-06-16 17:30:00,222,2,31,125,YAPE,1,0.0,1,25.9,25.9,25.9,25.9,0.0
2022-06-16 00:00:00,2022-06-16 17:41:00,509,6,51,200,YAPE,1,0.0,2,73.8,73.8,36.9,36.9,0.0
2022-06-16 00:00:00,2022-06-16 17:42:00,88,2,13,53,Transferencia Bancaria - Banco 3,1,0.0,2,73.8,73.8,36.9,36.9,0.0
2022-06-16 00:00:00,2022-06-16 17:43:00,502,6,51,200,YAPE,1,0.0,1,25.9,25.9,25.9,25.9,0.0
2022-06-16 00:00:00,2022-06-16 17:47:00,224,2,31,125,YAPE,1,0.0,1,36.9,36.9,36.9,36.9,0.0
2022-06-16 00:00:00,2022-06-16 18:13:00,409,6,51,202,YAPE,1,0.0,1,36.9,36.9,36.9,36.9,0.0
2022-06-16 00:00:00,2022-06-16 18:14:00,390,6,51,202,YAPE,1,0.0,1,32.9,32.9,32.9,32.9,0.0
2022-06-16 00:00:00,2022-06-16 18:15:00,381,6,51,202,YAPE,1,0.0,1,54.9,54.9,54.9,54.9,0.0
2022-06-16 00:00:00,2022-06-16 18:25:00,528,2,57,232,YAPE,1,0.0,2,19.98,19.98,9.99,9.99,0.0
2022-06-16 00:00:00,2022-06-16 18:40:00,556,6,59,244,Transferencia Bancaria - Banco 2,1,0.0,8,62.96,62.96,7.87,7.87,0.0
2022-06-16 00:00:00,2022-06-16 18:51:00,56,2,10,46,YAPE,1,0.0,19,136.62,136.62,7.190526315789474,7.190526315789474,0.0
2022-06-16 00:00:00,2022-06-16 18:55:00,463,6,51,202,YAPE,1,0.0,4,44.08,44.08,11.02,11.02,0.0
2022-06-16 00:00:00,2022-06-16 19:08:00,510,6,51,202,YAPE,1,0.0,1,5.99,5.99,5.99,5.99,0.0
2022-06-16 00:00:00,2022-06-16 19:26:00,265,6,42,143,YAPE,1,0.0,1,20.99,20.99,20.99,20.99,0.0
2022-06-16 00:00:00,2022-06-16 19:50:00,101,2,15,58,YAPE,1,63.8,3,2.48999999999999,66.28999999999999,22.096666666666664,0.8299999999999966,21.266666666666666
2022-06-16 00:00:00,2022-06-16 21:11:00,219,2,31,125,YAPE,1,0.0,6,67.47,67.47,11.245,11.245,0.0
2022-06-16 00:00:00,2022-06-16 23:40:00,405,6,51,202,YAPE,1,0.0,1,31.71,31.71,31.71,31.71,0.0
2022-06-17 00:00:00,2022-06-17 01:46:00,197,2,27,116,Tarjeta,1,0.0,23,138.53000000000003,138.53000000000003,6.023043478260871,6.023043478260871,0.0
2022-06-17 00:00:00,2022-06-17 06:33:00,455,6,51,206,YAPE,1,0.0,5,36.09,36.09,7.218000000000001,7.218000000000001,0.0
2022-06-17 00:00:00,2022-06-17 10:28:00,272,2,44,149,YAPE,1,0.0,25,214.29,214.29,8.5716,8.5716,0.0
2022-06-17 00:00:00,2022-06-17 12:19:00,523,2,56,230,Tarjeta,1,0.0,2,15.89,15.89,7.945,7.945,0.0
2022-06-17 00:00:00,2022-06-17 12:36:00,248,2,39,137,YAPE,1,0.0,4,27.6,27.6,6.9,6.9,0.0
2022-06-17 00:00:00,2022-06-17 12:59:00,473,6,51,206,YAPE,1,0.0,4,34.0,34.0,8.5,8.5,0.0
2022-06-17 00:00:00,2022-06-17 15:48:00,666,2,63,272,YAPE,1,0.0,5,30.950000000000003,30.950000000000003,6.19,6.19,0.0
2022-06-17 00:00:00,2022-06-17 17:48:00,440,6,51,206,YAPE,1,0.0,2,16.2,16.2,8.1,8.1,0.0
2022-06-17 00:00:00,2022-06-17 18:02:00,271,2,44,148,Tarjeta,1,0.0,15,139.71,139.71,9.314,9.314,0.0
2022-06-17 00:00:00,2022-06-17 18:39:00,423,6,51,206,YAPE,1,0.0,1,14.96,14.96,14.96,14.96,0.0
2022-06-17 00:00:00,2022-06-17 19:25:00,497,6,51,206,YAPE,1,0.0,1,3.09,3.09,3.09,3.09,0.0
2022-06-17 00:00:00,2022-06-17 19:50:00,184,2,25,108,YAPE,1,0.0,2,57.8,57.8,28.9,28.9,0.0
2022-06-17 00:00:00,2022-06-17 19:54:00,246,2,39,136,YAPE,1,0.0,11,99.17,99.17,9.015454545454546,9.015454545454546,0.0
2022-06-17 00:00:00,2022-06-17 21:09:00,54,2,9,45,Tarjeta,1,0.0,1,32.5,32.5,32.5,32.5,0.0
2022-06-18 00:00:00,2022-06-18 10:25:00,70,2,13,52,YAPE,1,0.0,4,38.98,38.98,9.745,9.745,0.0
2022-06-18 00:00:00,2022-06-18 10:28:00,651,2,63,280,YAPE,1,7.999999999999976,9,95.82000000000001,103.81999999999998,11.535555555555554,10.646666666666668,0.8888888888888862
2022-06-18 00:00:00,2022-06-18 14:53:00,326,2,45,178,YAPE,1,15.0,2,74.89,89.89,44.945,37.445,7.5
2022-06-19 00:00:00,2022-06-19 09:52:00,636,2,63,272,YAPE,1,7.99999999999999,6,94.04000000000002,102.04,17.006666666666668,15.673333333333337,1.3333333333333317
2022-06-19 00:00:00,2022-06-19 10:01:00,665,2,63,286,YAPE,1,8.009999999999986,17,92.39999999999998,100.41,5.906470588235294,5.435294117647057,0.4711764705882344
2022-06-19 00:00:00,2022-06-19 11:49:00,273,2,44,150,YAPE,1,0.0,13,213.56999999999994,213.56999999999994,16.428461538461534,16.428461538461534,0.0
2022-06-19 00:00:00,2022-06-19 18:56:00,236,2,36,131,Tarjeta,1,0.0,7,76.49999999999999,76.49999999999999,10.928571428571427,10.928571428571427,0.0
2022-06-19 00:00:00,2022-06-19 19:27:00,87,2,13,51,YAPE,1,0.0,8,71.74999999999999,71.74999999999999,8.968749999999998,8.968749999999998,0.0
2022-06-19 00:00:00,2022-06-19 19:30:00,82,2,13,51,YAPE,1,7.49,1,11.11,18.6,18.6,11.11,7.49
2022-06-19 00:00:00,2022-06-19 22:38:00,67,2,12,49,Transferencia Bancaria - Banco 4,1,0.0,5,39.8835,39.8835,7.976699999999999,7.976699999999999,0.0
2022-06-20 00:00:00,2022-06-20 07:06:00,439,6,51,206,YAPE,1,0.0,2,58.8,58.8,29.4,29.4,0.0
2022-06-20 00:00:00,2022-06-20 07:08:00,374,6,51,200,YAPE,1,0.0,4,43.0,43.0,10.75,10.75,0.0
2022-06-20 00:00:00,2022-06-20 09:33:00,417,6,51,200,YAPE,1,0.0,19,43.21,43.21,2.2742105263157897,2.2742105263157897,0.0
2022-06-20 00:00:00,2022-06-20 09:43:00,483,6,51,202,YAPE,1,0.0,1,8.2,8.2,8.2,8.2,0.0
2022-06-20 00:00:00,2022-06-20 10:15:00,627,2,63,277,YAPE,1,0.0,8,88.5499999999999,88.5499999999999,11.068749999999987,11.068749999999987,0.0
2022-06-20 00:00:00,2022-06-20 10:20:00,667,2,63,283,YAPE,1,0.0,6,119.5499999999999,119.5499999999999,19.924999999999983,19.924999999999983,0.0
2022-06-20 00:00:00,2022-06-20 10:22:00,632,2,63,268,YAPE,1,0.0,3,47.8499999999999,47.8499999999999,15.949999999999967,15.949999999999967,0.0
2022-06-20 00:00:00,2022-06-20 10:23:00,639,2,63,268,YAPE,1,0.0,2,13.98,13.98,6.99,6.99,0.0
2022-06-20 00:00:00,2022-06-20 12:50:00,608,6,61,259,Tarjeta,1,0.0,3,71.6999999999999,71.6999999999999,23.899999999999967,23.899999999999967,0.0
2022-06-20 00:00:00,2022-06-20 13:20:00,613,2,63,266,Transferencia Bancaria - Banco 1,1,0.0,3,47.47,47.47,15.823333333333332,15.823333333333332,0.0
2022-06-20 00:00:00,2022-06-20 13:22:00,600,6,61,259,Tarjeta,1,0.0,14,76.82,76.82,5.487142857142857,5.487142857142857,0.0
2022-06-20 00:00:00,2022-06-20 13:46:00,393,6,51,202,YAPE,1,0.0,2,18.88,18.88,9.44,9.44,0.0
2022-06-20 00:00:00,2022-06-20 14:52:00,514,6,51,202,YAPE,1,0.0,15,156.99,156.99,10.466000000000001,10.466000000000001,0.0
2022-06-20 00:00:00,2022-06-20 15:47:00,188,2,25,108,Transferencia Bancaria - Banco 3,1,0.0,4,40.87,40.87,10.2175,10.2175,0.0
2022-06-20 00:00:00,2022-06-20 16:15:00,619,2,63,271,Transferencia Bancaria - Banco 1,1,0.0,1,12.9,12.9,12.9,12.9,0.0
2022-06-20 00:00:00,2022-06-20 16:57:00,81,2,13,51,YAPE,1,0.0,4,72.8,72.8,18.2,18.2,0.0
2022-06-20 00:00:00,2022-06-20 17:20:00,401,6,51,202,YAPE,1,0.0,8,26.02,26.02,3.2525,3.2525,0.0
2022-06-20 00:00:00,2022-06-20 18:47:00,540,2,58,241,Transferencia Bancaria - Banco 2,1,14.999999999999979,3,63.7,78.69999999999999,26.23333333333333,21.233333333333334,4.999999999999993
2022-06-20 00:00:00,2022-06-20 19:14:00,545,2,58,234,YAPE,1,9.979999999999968,9,58.720000000000006,68.7,7.633333333333334,6.524444444444445,1.1088888888888855
2022-06-20 00:00:00,2022-06-20 19:19:00,516,6,51,202,YAPE,1,0.0,2,37.8,37.8,18.9,18.9,0.0
2022-06-20 00:00:00,2022-06-20 19:23:00,441,6,51,211,YAPE,1,0.0,2,37.8,37.8,18.9,18.9,0.0
2022-06-20 00:00:00,2022-06-20 19:28:00,63,2,10,46,YAPE,1,0.0,9,50.64,50.64,5.626666666666667,5.626666666666667,0.0
2022-06-20 00:00:00,2022-06-20 19:29:00,430,6,51,217,YAPE,1,0.0,5,38.69,38.69,7.7379999999999995,7.7379999999999995,0.0
2022-06-20 00:00:00,2022-06-20 19:53:00,180,2,23,105,Tarjeta,1,0.0,16,115.39999999999998,115.39999999999998,7.212499999999999,7.212499999999999,0.0
2022-06-20 00:00:00,2022-06-20 20:48:00,346,2,45,187,YAPE,0,10.0,3,63.79,73.78999999999999,24.596666666666664,21.263333333333332,3.3333333333333335
2022-06-20 00:00:00,2022-06-20 22:32:00,74,2,13,53,Transferencia Bancaria - Banco 3,1,0.0,1,13.36,13.36,13.36,13.36,0.0
2022-06-21 00:00:00,2022-06-21 04:10:00,551,6,59,247,Transferencia Bancaria - Banco 2,1,0.0,5,60.690000000000005,60.690000000000005,12.138000000000002,12.138000000000002,0.0
2022-06-21 00:00:00,2022-06-21 08:56:00,472,6,51,217,YAPE,1,0.0,2,14.19,14.19,7.095,7.095,0.0
2022-06-21 00:00:00,2022-06-21 08:57:00,494,6,51,206,YAPE,1,0.0,1,8.2,8.2,8.2,8.2,0.0
2022-06-21 00:00:00,2022-06-21 09:17:00,565,6,59,245,Transferencia Bancaria - Banco 2,1,0.0,4,37.9,37.9,9.475,9.475,0.0
2022-06-21 00:00:00,2022-06-21 09:19:00,561,6,59,251,Transferencia Bancaria - Banco 2,1,0.0,3,28.0,28.0,9.333333333333334,9.333333333333334,0.0
2022-06-21 00:00:00,2022-06-21 09:26:00,135,2,18,71,YAPE,0,0.0,42,283.18999999999994,283.18999999999994,6.742619047619046,6.742619047619046,0.0
2022-06-21 00:00:00,2022-06-21 10:40:00,185,2,25,109,YAPE,1,0.0,5,81.39,81.39,16.278,16.278,0.0
2022-06-21 00:00:00,2022-06-21 13:09:00,68,2,12,50,Transferencia Bancaria - Banco 4,1,0.0,10,38.480000000000004,38.480000000000004,3.8480000000000003,3.8480000000000003,0.0
2022-06-21 00:00:00,2022-06-21 13:56:00,434,6,51,206,YAPE,1,0.0,3,54.89,54.89,18.296666666666667,18.296666666666667,0.0
2022-06-21 00:00:00,2022-06-21 16:35:00,385,6,51,205,YAPE,1,0.0,1,4.7,4.7,4.7,4.7,0.0
2022-06-21 00:00:00,2022-06-21 17:28:00,553,6,59,244,Transferencia Bancaria - Banco 2,1,0.0,2,11.989999999999998,11.989999999999998,5.994999999999999,5.994999999999999,0.0
2022-06-21 00:00:00,2022-06-21 17:32:00,583,6,59,249,Transferencia Bancaria - Banco 2,1,0.0,2,11.989999999999998,11.989999999999998,5.994999999999999,5.994999999999999,0.0
2022-06-21 00:00:00,2022-06-21 17:36:00,559,6,59,250,Transferencia Bancaria - Banco 2,1,0.0,2,11.989999999999998,11.989999999999998,5.994999999999999,5.994999999999999,0.0
2022-06-21 00:00:00,2022-06-21 17:38:00,564,6,59,252,Transferencia Bancaria - Banco 2,1,0.0,2,11.989999999999998,11.989999999999998,5.994999999999999,5.994999999999999,0.0
2022-06-21 00:00:00,2022-06-21 17:45:00,657,2,63,286,YAPE,1,0.0,8,133.95,133.95,16.74375,16.74375,0.0
2022-06-21 00:00:00,2022-06-21 17:59:00,630,2,63,278,YAPE,1,0.0,12,161.82999999999998,161.82999999999998,13.485833333333332,13.485833333333332,0.0
2022-06-21 00:00:00,2022-06-21 18:20:00,653,2,63,269,YAPE,1,0.0,4,55.49,55.49,13.8725,13.8725,0.0
2022-06-21 00:00:00,2022-06-21 18:22:00,208,2,28,118,YAPE,0,0.0,3,22.880000000000003,22.880000000000003,7.626666666666668,7.626666666666668,0.0
2022-06-21 00:00:00,2022-06-21 18:26:00,156,2,20,89,Transferencia Bancaria - Banco 2,1,10.0,1,109.8,119.8,119.8,109.8,10.0
2022-06-21 00:00:00,2022-06-21 18:36:00,148,2,20,81,Transferencia Bancaria - Banco 2,1,10.0,2,58.8,68.8,34.4,29.4,5.0
2022-06-21 00:00:00,2022-06-21 18:39:00,153,2,20,86,Transferencia Bancaria - Banco 2,1,10.0,2,56.22,66.22,33.11,28.11,5.0
2022-06-21 00:00:00,2022-06-21 18:51:00,149,2,20,82,Transferencia Bancaria - Banco 2,1,9.99999999999999,2,59.8,69.8,34.9,29.9,4.999999999999995
2022-06-21 00:00:00,2022-06-21 19:01:00,144,2,20,77,Transferencia Bancaria - Banco 2,1,9.99999999999999,2,59.8,69.8,34.9,29.9,4.999999999999995
2022-06-21 00:00:00,2022-06-21 19:01:00,607,6,61,259,Tarjeta,1,0.0,6,57.57,57.57,9.595,9.595,0.0
2022-06-21 00:00:00,2022-06-21 19:03:00,145,2,20,78,Transferencia Bancaria - Banco 2,1,9.99999999999999,2,59.8,69.8,34.9,29.9,4.999999999999995
2022-06-21 00:00:00,2022-06-21 19:03:00,57,2,10,46,YAPE,1,0.0,20,156.72,156.72,7.836,7.836,0.0
2022-06-21 00:00:00,2022-06-21 19:06:00,9,2,4,5,Transferencia Bancaria - Banco 1,1,0.0,3,62.39,62.39,20.796666666666667,20.796666666666667,0.0
2022-06-21 00:00:00,2022-06-21 19:09:00,152,2,20,85,Transferencia Bancaria - Banco 2,1,9.99999999999999,2,59.8,69.8,34.9,29.9,4.999999999999995
2022-06-21 00:00:00,2022-06-21 19:12:00,150,2,20,83,Transferencia Bancaria - Banco 2,1,9.99999999999999,2,59.8,69.8,34.9,29.9,4.999999999999995
2022-06-21 00:00:00,2022-06-21 19:17:00,168,2,20,99,Transferencia Bancaria - Banco 2,1,9.99999999999998,2,79.80000000000001,89.8,44.9,39.900000000000006,4.99999999999999
2022-06-21 00:00:00,2022-06-21 19:18:00,162,2,20,95,Transferencia Bancaria - Banco 2,1,9.99999999999998,2,79.80000000000001,89.8,44.9,39.900000000000006,4.99999999999999
2022-06-21 00:00:00,2022-06-21 19:19:00,167,2,20,98,Transferencia Bancaria - Banco 2,1,9.99999999999998,2,79.80000000000001,89.8,44.9,39.900000000000006,4.99999999999999
2022-06-21 00:00:00,2022-06-21 19:21:00,146,2,20,79,Transferencia Bancaria - Banco 2,1,9.99999999999998,2,79.80000000000001,89.8,44.9,39.900000000000006,4.99999999999999
2022-06-21 00:00:00,2022-06-21 19:22:00,171,2,20,101,Transferencia Bancaria - Banco 2,1,9.99999999999998,2,79.80000000000001,89.8,44.9,39.900000000000006,4.99999999999999
2022-06-21 00:00:00,2022-06-21 20:55:00,117,6,16,60,Tarjeta,1,0.0,9,77.08000000000001,77.08000000000001,8.564444444444446,8.564444444444446,0.0
2022-06-22 00:00:00,2022-06-22 07:22:00,580,6,59,252,Transferencia Bancaria - Banco 2,0,0.0,2,13.1,13.1,6.55,6.55,0.0
2022-06-22 00:00:00,2022-06-22 07:29:00,582,6,59,250,Transferencia Bancaria - Banco 2,1,0.0,2,12.79,12.79,6.395,6.395,0.0
2022-06-22 00:00:00,2022-06-22 07:31:00,574,6,59,249,Transferencia Bancaria - Banco 2,1,0.0,2,12.79,12.79,6.395,6.395,0.0
2022-06-22 00:00:00,2022-06-22 07:41:00,104,2,15,58,YAPE,1,0.0,3,113.69999999999999,113.69999999999999,37.9,37.9,0.0
2022-06-22 00:00:00,2022-06-22 08:19:00,360,2,49,191,Tarjeta,0,0.0,25,196.43,196.43,7.857200000000001,7.857200000000001,0.0
2022-06-22 00:00:00,2022-06-22 08:55:00,183,2,25,107,Tarjeta,1,0.0,5,61.77,61.77,12.354000000000001,12.354000000000001,0.0
2022-06-22 00:00:00,2022-06-22 09:54:00,203,2,28,118,YAPE,1,0.0,4,23.480000000000004,23.480000000000004,5.870000000000001,5.870000000000001,0.0
2022-06-22 00:00:00,2022-06-22 09:55:00,205,2,28,118,YAPE,1,0.0,1,6.99,6.99,6.99,6.99,0.0
2022-06-22 00:00:00,2022-06-22 11:13:00,136,2,18,71,YAPE,1,0.0,5,35.99,35.99,7.198,7.198,0.0
2022-06-22 00:00:00,2022-06-22 11:26:00,484,6,51,205,YAPE,1,0.0,4,65.08,65.08,16.27,16.27,0.0
2022-06-22 00:00:00,2022-06-22 13:16:00,123,2,17,63,YAPE,1,0.0,2,7.18,7.18,3.59,3.59,0.0
2022-06-22 00:00:00,2022-06-22 14:07:00,503,6,51,205,YAPE,1,0.0,1,3.99,3.99,3.99,3.99,0.0
2022-06-22 00:00:00,2022-06-22 14:13:00,395,6,51,210,YAPE,1,0.0,5,74.36,74.36,14.872,14.872,0.0
2022-06-22 00:00:00,2022-06-22 14:36:00,114,6,16,60,Tarjeta,1,0.0,5,49.66,49.66,9.931999999999999,9.931999999999999,0.0
2022-06-22 00:00:00,2022-06-22 15:02:00,362,2,49,192,Tarjeta,0,9.999999999999979,9,124.69999999999999,134.70000000000002,14.966666666666669,13.855555555555554,1.1111111111111087
2022-06-22 00:00:00,2022-06-22 15:50:00,139,2,19,73,YAPE,1,0.0,1,8.5,8.5,8.5,8.5,0.0
2022-06-22 00:00:00,2022-06-22 15:53:00,140,2,19,73,YAPE,1,0.0,3,38.849999999999994,38.849999999999994,12.949999999999998,12.949999999999998,0.0
2022-06-22 00:00:00,2022-06-22 15:59:00,118,6,16,60,Tarjeta,1,0.0,1,11.49,11.49,11.49,11.49,0.0
2022-06-22 00:00:00,2022-06-22 16:25:00,176,2,22,103,YAPE,1,0.0,5,84.38999999999999,84.38999999999999,16.877999999999997,16.877999999999997,0.0
2022-06-22 00:00:00,2022-06-22 16:47:00,521,2,55,229,YAPE,1,0.0,1,49.9,49.9,49.9,49.9,0.0
2022-06-22 00:00:00,2022-06-22 17:19:00,24,2,6,20,YAPE,1,0.0,3,16.57,16.57,5.523333333333333,5.523333333333333,0.0
2022-06-22 00:00:00,2022-06-22 17:54:00,14,2,6,10,YAPE,1,0.0,18,88.32000000000002,88.32000000000002,4.906666666666668,4.906666666666668,0.0
2022-06-22 00:00:00,2022-06-22 18:15:00,165,2,20,96,Tarjeta,1,0.0,1,21.9,21.9,21.9,21.9,0.0
2022-06-22 00:00:00,2022-06-22 18:22:00,578,6,59,253,Transferencia Bancaria - Banco 2,1,79.9999999999999,5,24.5,104.5,20.9,4.9,15.99999999999998
2022-06-22 00:00:00,2022-06-22 18:25:00,543,2,58,233,Tarjeta,1,0.0,7,82.57,82.57,11.795714285714284,11.795714285714284,0.0
2022-06-22 00:00:00,2022-06-22 18:39:00,554,6,59,247,Transferencia Bancaria - Banco 2,0,0.0,2,13.19,13.19,6.595,6.595,0.0
2022-06-22 00:00:00,2022-06-22 18:41:00,588,6,59,245,Transferencia Bancaria - Banco 2,1,0.0,2,13.19,13.19,6.595,6.595,0.0
2022-06-22 00:00:00,2022-06-22 18:45:00,500,6,51,220,YAPE,1,0.0,1,15.99,15.99,15.99,15.99,0.0
2022-06-22 00:00:00,2022-06-22 19:32:00,261,2,41,141,YAPE,1,10.07999999999996,24,80.88,90.96,3.7899999999999996,3.3699999999999997,0.4199999999999983
2022-06-22 00:00:00,2022-06-22 19:52:00,85,2,13,51,YAPE,1,0.0,7,35.83,35.83,5.118571428571428,5.118571428571428,0.0
2022-06-23 00:00:00,2022-06-23 08:30:00,544,2,58,238,YAPE,1,0.0,25,290.1,290.1,11.604000000000001,11.604000000000001,0.0
2022-06-23 00:00:00,2022-06-23 10:03:00,356,2,46,188,Tarjeta,1,0.0,8,97.13,97.13,12.14125,12.14125,0.0
2022-06-23 00:00:00,2022-06-23 10:19:00,513,6,51,201,YAPE,1,0.0,3,43.5,43.5,14.5,14.5,0.0
2022-06-23 00:00:00,2022-06-23 10:20:00,490,6,51,207,YAPE,1,0.0,3,43.5,43.5,14.5,14.5,0.0
2022-06-23 00:00:00,2022-06-23 10:52:00,575,6,59,245,Transferencia Bancaria - Banco 2,1,0.0,2,13.1,13.1,6.55,6.55,0.0
2022-06-23 00:00:00,2022-06-23 10:55:00,577,6,59,247,Transferencia Bancaria - Banco 2,1,0.0,2,13.19,13.19,6.595,6.595,0.0
2022-06-23 00:00:00,2022-06-23 11:28:00,143,2,19,76,YAPE,1,0.0,25,262.0,262.0,10.48,10.48,0.0
2022-06-23 00:00:00,2022-06-23 13:13:00,522,2,55,229,YAPE,1,49.8999999999999,2,6.899999999999999,56.8,28.4,3.4499999999999993,24.94999999999995
2022-06-23 00:00:00,2022-06-23 14:11:00,47,2,6,40,Transferencia Bancaria - Banco 2,1,15.01,4,55.39,70.4,17.6,13.8475,3.7525
2022-06-23 00:00:00,2022-06-23 14:13:00,36,2,6,31,Transferencia Bancaria - Banco 2,1,15.01,4,55.39,70.4,17.6,13.8475,3.7525
2022-06-23 00:00:00,2022-06-23 14:15:00,22,2,6,18,Transferencia Bancaria - Banco 2,1,15.01,4,55.39,70.4,17.6,13.8475,3.7525
2022-06-23 00:00:00,2022-06-23 14:15:00,367,2,50,194,Transferencia Bancaria - Banco 2,1,0.0,12,118.55999999999999,118.55999999999999,9.879999999999999,9.879999999999999,0.0
2022-06-23 00:00:00,2022-06-23 15:45:00,39,2,6,34,Transferencia Bancaria - Banco 2,1,15.0,20,57.0,72.0,3.6,2.85,0.75
2022-06-23 00:00:00,2022-06-23 15:48:00,31,2,6,26,Transferencia Bancaria - Banco 2,1,15.0,20,57.0,72.0,3.6,2.85,0.75
2022-06-23 00:00:00,2022-06-23 16:01:00,21,2,6,17,Transferencia Bancaria - Banco 2,1,15.0,20,57.0,72.0,3.6,2.85,0.75
2022-06-23 00:00:00,2022-06-23 16:03:00,26,2,6,22,Transferencia Bancaria - Banco 2,1,15.0,20,57.0,72.0,3.6,2.85,0.75
2022-06-23 00:00:00,2022-06-23 17:19:00,27,2,6,21,Efectivo contra-entrega,1,0.0,2,19.98,19.98,9.99,9.99,0.0
2022-06-23 00:00:00,2022-06-23 17:26:00,442,6,51,207,YAPE,1,0.0,1,8.2,8.2,8.2,8.2,0.0
2022-06-23 00:00:00,2022-06-23 17:28:00,485,6,51,201,YAPE,1,0.0,1,8.2,8.2,8.2,8.2,0.0
2022-06-23 00:00:00,2022-06-23 17:29:00,449,6,51,205,YAPE,1,0.0,1,8.2,8.2,8.2,8.2,0.0
2022-06-23 00:00:00,2022-06-23 17:29:00,480,6,51,210,YAPE,1,0.0,1,8.2,8.2,8.2,8.2,0.0
2022-06-23 00:00:00,2022-06-23 17:30:00,366,2,50,195,Transferencia Bancaria - Banco 2,1,0.0,5,45.47,45.47,9.094,9.094,0.0
2022-06-23 00:00:00,2022-06-23 17:30:00,506,6,51,225,YAPE,1,0.0,1,8.2,8.2,8.2,8.2,0.0
2022-06-23 00:00:00,2022-06-23 17:31:00,450,6,51,219,YAPE,1,0.0,1,8.2,8.2,8.2,8.2,0.0
2022-06-23 00:00:00,2022-06-23 17:32:00,471,6,51,220,YAPE,1,0.0,1,8.2,8.2,8.2,8.2,0.0
2022-06-23 00:00:00,2022-06-23 17:33:00,418,6,51,215,YAPE,0,0.0,1,8.2,8.2,8.2,8.2,0.0
2022-06-23 00:00:00,2022-06-23 17:34:00,415,6,51,214,YAPE,1,0.0,1,8.2,8.2,8.2,8.2,0.0
2022-06-23 00:00:00,2022-06-23 17:35:00,447,6,51,206,YAPE,1,0.0,1,8.2,8.2,8.2,8.2,0.0
2022-06-23 00:00:00,2022-06-23 17:36:00,493,6,51,224,YAPE,1,0.0,1,8.2,8.2,8.2,8.2,0.0
2022-06-23 00:00:00,2022-06-23 17:37:00,438,6,51,218,YAPE,1,0.0,1,8.2,8.2,8.2,8.2,0.0
2022-06-23 00:00:00,2022-06-23 17:38:00,389,6,51,208,YAPE,1,0.0,1,8.2,8.2,8.2,8.2,0.0
2022-06-23 00:00:00,2022-06-23 17:39:00,404,6,51,213,YAPE,1,0.0,1,8.2,8.2,8.2,8.2,0.0
2022-06-23 00:00:00,2022-06-23 17:40:00,436,6,51,211,YAPE,1,0.0,1,8.2,8.2,8.2,8.2,0.0
2022-06-23 00:00:00,2022-06-23 17:41:00,478,6,51,222,YAPE,1,0.0,1,8.2,8.2,8.2,8.2,0.0
2022-06-23 00:00:00,2022-06-23 17:42:00,460,6,51,202,YAPE,1,0.0,1,8.2,8.2,8.2,8.2,0.0
2022-06-23 00:00:00,2022-06-23 17:42:00,487,6,51,223,YAPE,1,0.0,1,8.2,8.2,8.2,8.2,0.0
2022-06-23 00:00:00,2022-06-23 17:43:00,453,6,51,200,YAPE,1,0.0,1,8.2,8.2,8.2,8.2,0.0
2022-06-23 00:00:00,2022-06-23 17:47:00,160,2,20,93,YAPE,1,9.999999999999972,8,56.510000000000005,66.50999999999999,8.313749999999999,7.063750000000001,1.2499999999999964
2022-06-23 00:00:00,2022-06-23 17:48:00,269,2,43,146,YAPE,1,14.9999999999999,3,35.7,50.699999999999996,16.9,11.9,4.999999999999967
2022-06-23 00:00:00,2022-06-23 19:08:00,110,6,16,60,Tarjeta,1,0.0,1,14.5,14.5,14.5,14.5,0.0
2022-06-23 00:00:00,2022-06-23 19:08:00,467,6,51,217,YAPE,1,0.0,1,8.2,8.2,8.2,8.2,0.0
2022-06-23 00:00:00,2022-06-23 19:20:00,477,6,51,221,YAPE,1,0.0,1,8.2,8.2,8.2,8.2,0.0
2022-06-23 00:00:00,2022-06-23 19:22:00,488,6,51,212,YAPE,1,0.0,1,8.2,8.2,8.2,8.2,0.0
2022-06-23 00:00:00,2022-06-23 19:24:00,433,6,51,216,YAPE,1,0.0,1,8.2,8.2,8.2,8.2,0.0
2022-06-23 00:00:00,2022-06-23 19:27:00,462,6,51,203,YAPE,1,0.0,1,8.2,8.2,8.2,8.2,0.0
2022-06-23 00:00:00,2022-06-23 19:28:00,225,2,32,126,Transferencia Bancaria - Banco 2,1,0.0,16,71.86000000000001,71.86000000000001,4.491250000000001,4.491250000000001,0.0
2022-06-23 00:00:00,2022-06-23 19:37:00,241,2,39,135,Transferencia Bancaria - Banco 1,1,0.0,5,42.68,42.68,8.536,8.536,0.0
2022-06-23 00:00:00,2022-06-23 20:25:00,519,2,53,227,YAPE,1,0.0,4,51.19,51.19,12.7975,12.7975,0.0
2022-06-23 00:00:00,2022-06-23 21:10:00,604,6,61,259,Tarjeta,1,0.0,3,49.68,49.68,16.56,16.56,0.0
2022-06-23 00:00:00,2022-06-23 21:44:00,606,6,61,257,Transferencia Bancaria - Banco 2,1,0.0,8,110.58999999999999,110.58999999999999,13.823749999999999,13.823749999999999,0.0
2022-06-23 00:00:00,2022-06-23 22:06:00,594,6,61,257,Tarjeta,1,0.0,4,38.769999999999996,38.769999999999996,9.692499999999999,9.692499999999999,0.0
2022-06-23 00:00:00,2022-06-23 22:31:00,468,6,51,215,YAPE,1,0.0,1,8.2,8.2,8.2,8.2,0.0
2022-06-23 00:00:00,2022-06-23 22:44:00,201,2,27,117,Transferencia Bancaria - Banco 3,1,0.0,32,361.5199999999999,361.5199999999999,11.297499999999998,11.297499999999998,0.0
2022-06-23 00:00:00,2022-06-23 23:01:00,199,2,27,117,Tarjeta,1,0.0,1,19.9,19.9,19.9,19.9,0.0
2022-06-24 00:00:00,2022-06-24 01:51:00,43,2,6,38,Transferencia Bancaria - Banco 2,1,15.0,4,55.900000000000006,70.9,17.725,13.975000000000001,3.75
2022-06-24 00:00:00,2022-06-24 01:53:00,46,2,6,39,Transferencia Bancaria - Banco 2,1,15.0,4,55.900000000000006,70.9,17.725,13.975000000000001,3.75
2022-06-24 00:00:00,2022-06-24 02:00:00,11,2,6,7,Transferencia Bancaria - Banco 2,1,15.0,4,55.9,70.9,17.725,13.975,3.75
2022-06-24 00:00:00,2022-06-24 02:05:00,23,2,6,19,Transferencia Bancaria - Banco 2,1,15.0,4,55.900000000000006,70.9,17.725,13.975000000000001,3.75
2022-06-24 00:00:00,2022-06-24 02:07:00,28,2,6,23,Transferencia Bancaria - Banco 2,1,15.0,4,55.900000000000006,70.9,17.725,13.975000000000001,3.75
2022-06-24 00:00:00,2022-06-24 02:09:00,49,2,6,42,Transferencia Bancaria - Banco 2,1,15.0,4,55.900000000000006,70.9,17.725,13.975000000000001,3.75
2022-06-24 00:00:00,2022-06-24 02:11:00,35,2,6,30,Transferencia Bancaria - Banco 2,1,15.0,4,55.9,70.9,17.725,13.975,3.75
2022-06-24 00:00:00,2022-06-24 10:28:00,182,2,24,106,Transferencia Bancaria - Banco 3,1,0.0,155,937.969999999999,937.969999999999,6.051419354838703,6.051419354838703,0.0
2022-06-24 00:00:00,2022-06-24 11:28:00,658,2,63,266,YAPE,1,0.0,3,55.879999999999995,55.879999999999995,18.626666666666665,18.626666666666665,0.0
2022-06-24 00:00:00,2022-06-24 13:54:00,65,2,11,48,YAPE,1,0.0,14,110.25000000000001,110.25000000000001,7.875000000000001,7.875000000000001,0.0
2022-06-24 00:00:00,2022-06-24 14:39:00,547,2,58,243,YAPE,1,0.0,4,51.6,51.6,12.9,12.9,0.0
2022-06-24 00:00:00,2022-06-24 15:26:00,638,2,63,276,YAPE,1,0.0,1,17.9,17.9,17.9,17.9,0.0
2022-06-24 00:00:00,2022-06-24 16:36:00,268,2,43,145,YAPE,1,0.0,3,50.3,50.3,16.766666666666666,16.766666666666666,0.0
2022-06-24 00:00:00,2022-06-24 17:25:00,373,2,50,195,Transferencia Bancaria - Banco 1,1,0.0,20,192.89000000000001,192.89000000000001,9.6445,9.6445,0.0
2022-06-24 00:00:00,2022-06-24 18:29:00,585,6,59,254,Transferencia Bancaria - Banco 2,1,0.0,4,65.3999999999999,65.3999999999999,16.349999999999977,16.349999999999977,0.0
2022-06-24 00:00:00,2022-06-24 19:44:00,249,2,39,136,YAPE,1,0.0,7,78.52000000000001,78.52000000000001,11.217142857142859,11.217142857142859,0.0
2022-06-24 00:00:00,2022-06-24 22:17:00,596,6,61,257,Tarjeta,1,0.0,4,92.98,92.98,23.245,23.245,0.0
2022-06-25 00:00:00,2022-06-25 10:34:00,30,2,6,25,Transferencia Bancaria - Banco 2,1,15.00999999999998,4,57.38000000000001,72.39,18.0975,14.345000000000002,3.752499999999995
2022-06-25 00:00:00,2022-06-25 11:06:00,19,2,6,15,Transferencia Bancaria - Banco 2,1,15.00999999999998,4,57.38000000000001,72.39,18.0975,14.345000000000002,3.752499999999995
2022-06-25 00:00:00,2022-06-25 11:12:00,17,2,6,13,Transferencia Bancaria - Banco 2,1,15.00999999999998,4,57.379999999999995,72.39,18.0975,14.344999999999999,3.752499999999995
2022-06-25 00:00:00,2022-06-25 11:15:00,37,2,6,32,Transferencia Bancaria - Banco 2,1,15.009999999999982,4,57.379999999999995,72.39,18.0975,14.344999999999999,3.7524999999999955
2022-06-25 00:00:00,2022-06-25 11:17:00,33,2,6,28,Transferencia Bancaria - Banco 2,1,15.009999999999982,4,57.379999999999995,72.39,18.0975,14.344999999999999,3.7524999999999955
2022-06-25 00:00:00,2022-06-25 11:20:00,41,2,6,36,Transferencia Bancaria - Banco 2,1,15.00999999999998,4,57.38000000000001,72.39,18.0975,14.345000000000002,3.752499999999995
2022-06-25 00:00:00,2022-06-25 11:23:00,40,2,6,35,Transferencia Bancaria - Banco 2,1,15.00999999999998,4,57.379999999999995,72.39,18.0975,14.344999999999999,3.752499999999995
2022-06-25 00:00:00,2022-06-25 14:10:00,428,6,51,215,YAPE,1,7.989999999999969,4,75.0,82.99,20.7475,18.75,1.9974999999999923
2022-06-25 00:00:00,2022-06-25 14:13:00,512,6,51,203,YAPE,1,7.989999999999969,4,75.0,82.99,20.7475,18.75,1.9974999999999923
2022-06-25 00:00:00,2022-06-25 14:20:00,491,6,51,216,YAPE,1,7.999999999999989,5,72.78999999999999,80.78999999999999,16.157999999999998,14.557999999999998,1.5999999999999979
2022-06-25 00:00:00,2022-06-25 14:31:00,427,6,51,217,YAPE,1,7.989999999999969,4,75.0,82.99,20.7475,18.75,1.9974999999999923
2022-06-25 00:00:00,2022-06-25 14:37:00,416,6,51,201,YAPE,1,7.99999999999997,5,78.98,86.97999999999999,17.395999999999997,15.796000000000001,1.5999999999999939
2022-06-25 00:00:00,2022-06-25 15:54:00,635,2,63,280,YAPE,1,7.99999999999997,4,98.7,106.69999999999999,26.674999999999997,24.675,1.9999999999999925
2022-06-25 00:00:00,2022-06-25 16:35:00,3,2,3,3,Tarjeta,1,0.0,23,234.57,234.57,10.198695652173912,10.198695652173912,0.0
2022-06-25 00:00:00,2022-06-25 18:08:00,138,2,19,72,Tarjeta,1,0.0,33,231.43000000000004,231.43000000000004,7.0130303030303045,7.0130303030303045,0.0
2022-06-25 00:00:00,2022-06-25 18:37:00,445,6,51,219,YAPE,1,7.99999999999998,3,76.79,84.78999999999999,28.263333333333332,25.596666666666668,2.66666666666666
2022-06-25 00:00:00,2022-06-25 19:33:00,137,2,18,71,YAPE,1,0.0,8,60.4,60.4,7.55,7.55,0.0
2022-06-25 00:00:00,2022-06-25 19:47:00,325,2,45,157,YAPE,1,0.0,7,71.1,71.1,10.157142857142857,10.157142857142857,0.0
2022-06-25 00:00:00,2022-06-25 20:36:00,53,2,8,44,YAPE,1,0.0,6,90.6,90.6,15.1,15.1,0.0
2022-06-26 00:00:00,2022-06-26 11:31:00,624,2,63,276,YAPE,1,7.979999999999961,8,93.49,101.47000000000001,12.683750000000002,11.68625,0.9974999999999952
2022-06-26 00:00:00,2022-06-26 11:35:00,524,2,56,230,Tarjeta,1,0.0,2,7.8,7.8,3.9,3.9,0.0
2022-06-26 00:00:00,2022-06-26 12:30:00,198,2,27,116,Tarjeta,1,0.0,13,118.13,118.13,9.086923076923076,9.086923076923076,0.0
2022-06-26 00:00:00,2022-06-26 12:48:00,546,2,58,239,YAPE,1,0.0,3,31.17,31.17,10.39,10.39,0.0
2022-06-26 00:00:00,2022-06-26 12:52:00,537,2,58,238,YAPE,1,19.49999999999999,6,67.99000000000001,87.49,14.581666666666665,11.331666666666669,3.2499999999999982
2022-06-26 00:00:00,2022-06-26 13:36:00,142,2,19,75,YAPE,1,0.0,33,213.34000000000003,213.34000000000003,6.464848484848486,6.464848484848486,0.0
2022-06-26 00:00:00,2022-06-26 15:34:00,285,2,45,157,YAPE,1,0.0,1,169.9,169.9,169.9,169.9,0.0
2022-06-26 00:00:00,2022-06-26 16:20:00,226,2,32,126,Transferencia Bancaria - Banco 2,1,71.85,19,23.109999999999953,94.96000000000001,4.997894736842106,1.2163157894736818,3.7815789473684207
2022-06-26 00:00:00,2022-06-26 18:43:00,437,6,51,200,YAPE,1,0.0,1,59.5,59.5,59.5,59.5,0.0
2022-06-26 00:00:00,2022-06-26 18:49:00,215,2,28,122,YAPE,1,0.0,11,40.63,40.63,3.693636363636364,3.693636363636364,0.0
2022-06-26 00:00:00,2022-06-26 19:35:00,73,2,13,51,YAPE,1,0.0,17,138.22000000000003,138.22000000000003,8.13058823529412,8.13058823529412,0.0
2022-06-26 00:00:00,2022-06-26 20:34:00,29,2,6,24,Transferencia Bancaria - Banco 2,1,14.999999999999991,5,57.60000000000001,72.6,14.52,11.520000000000001,2.9999999999999982
2022-06-26 00:00:00,2022-06-26 20:43:00,38,2,6,33,Transferencia Bancaria - Banco 2,1,14.99999999999999,5,57.6,72.6,14.52,11.52,2.999999999999998
2022-06-26 00:00:00,2022-06-26 20:47:00,48,2,6,41,Transferencia Bancaria - Banco 2,1,14.99999999999999,5,57.6,72.6,14.52,11.52,2.999999999999998
2022-06-26 00:00:00,2022-06-26 20:49:00,13,2,6,9,Transferencia Bancaria - Banco 2,1,14.99999999999999,5,57.599999999999994,72.6,14.52,11.52,2.999999999999998
2022-06-26 00:00:00,2022-06-26 20:51:00,42,2,6,37,Transferencia Bancaria - Banco 2,1,14.999999999999991,5,57.60000000000001,72.6,14.52,11.520000000000001,2.9999999999999982
2022-06-26 00:00:00,2022-06-26 20:54:00,12,2,6,8,Transferencia Bancaria - Banco 2,1,14.999999999999988,5,57.599999999999994,72.60000000000001,14.520000000000001,11.52,2.9999999999999973
2022-06-26 00:00:00,2022-06-26 20:56:00,34,2,6,29,Transferencia Bancaria - Banco 2,1,14.99999999999999,5,57.599999999999994,72.6,14.52,11.52,2.999999999999998
2022-06-26 00:00:00,2022-06-26 21:42:00,221,2,31,125,YAPE,1,0.0,1,19.5,19.5,19.5,19.5,0.0
2022-06-27 00:00:00,2022-06-27 07:42:00,359,2,48,190,Transferencia Bancaria - Banco 2,1,0.0,2,73.8,73.8,36.9,36.9,0.0
2022-06-27 00:00:00,2022-06-27 08:02:00,32,2,6,27,Transferencia Bancaria - Banco 2,1,14.99999999999999,5,57.49000000000001,72.49000000000001,14.498000000000001,11.498000000000001,2.999999999999998
2022-06-27 00:00:00,2022-06-27 08:06:00,20,2,6,16,Transferencia Bancaria - Banco 2,1,14.99999999999999,5,57.489999999999995,72.49000000000001,14.498000000000001,11.498,2.999999999999998
2022-06-27 00:00:00,2022-06-27 10:14:00,371,2,50,199,Transferencia Bancaria - Banco 2,1,0.0,4,54.79,54.79,13.6975,13.6975,0.0
2022-06-27 00:00:00,2022-06-27 10:15:00,355,2,46,188,Tarjeta,1,0.0,4,13.16,13.16,3.29,3.29,0.0
2022-06-27 00:00:00,2022-06-27 10:18:00,486,6,51,200,YAPE,1,0.0,1,17.9,17.9,17.9,17.9,0.0
2022-06-27 00:00:00,2022-06-27 10:19:00,481,6,51,219,YAPE,1,0.0,1,17.9,17.9,17.9,17.9,0.0
2022-06-27 00:00:00,2022-06-27 10:20:00,408,6,51,201,YAPE,1,0.0,1,17.9,17.9,17.9,17.9,0.0
2022-06-27 00:00:00,2022-06-27 10:20:00,538,2,58,239,Transferencia Bancaria - Banco 4,1,0.0,9,135.93,135.93,15.103333333333333,15.103333333333333,0.0
2022-06-27 00:00:00,2022-06-27 10:21:00,421,6,51,216,YAPE,1,0.0,1,17.9,17.9,17.9,17.9,0.0
2022-06-27 00:00:00,2022-06-27 10:26:00,264,2,41,139,YAPE,1,0.0,18,68.22,68.22,3.79,3.79,0.0
2022-06-27 00:00:00,2022-06-27 10:27:00,256,2,41,140,YAPE,1,0.0,26,96.93999999999998,96.93999999999998,3.728461538461538,3.728461538461538,0.0
2022-06-27 00:00:00,2022-06-27 12:05:00,119,6,16,60,Tarjeta,1,0.0,2,19.29,19.29,9.645,9.645,0.0
2022-06-27 00:00:00,2022-06-27 13:55:00,109,6,16,60,Tarjeta,1,0.0,7,51.05,51.05,7.292857142857143,7.292857142857143,0.0
2022-06-27 00:00:00,2022-06-27 14:05:00,443,6,51,212,Tarjeta,1,0.0,1,11.49,11.49,11.49,11.49,0.0
2022-06-27 00:00:00,2022-06-27 14:09:00,403,6,51,212,Tarjeta,1,0.0,1,17.9,17.9,17.9,17.9,0.0
2022-06-27 00:00:00,2022-06-27 14:18:00,479,6,51,221,Tarjeta,1,0.0,1,17.9,17.9,17.9,17.9,0.0
2022-06-27 00:00:00,2022-06-27 14:26:00,469,6,51,214,Tarjeta,1,0.0,3,38.88,38.88,12.96,12.96,0.0
2022-06-27 00:00:00,2022-06-27 14:58:00,192,2,26,112,YAPE,1,9.98999999999999,3,46.81,56.8,18.933333333333334,15.603333333333333,3.3299999999999965
2022-06-27 00:00:00,2022-06-27 15:03:00,233,2,34,129,YAPE,1,0.0,1,5.99,5.99,5.99,5.99,0.0
2022-06-27 00:00:00,2022-06-27 15:59:00,571,6,59,247,Transferencia Bancaria - Banco 2,1,0.0,8,112.37999999999998,112.37999999999998,14.047499999999998,14.047499999999998,0.0
2022-06-27 00:00:00,2022-06-27 17:48:00,530,2,58,234,Transferencia Bancaria - Banco 1,1,9.979999999999949,8,79.68,89.66,11.2075,9.96,1.2474999999999936
2022-06-27 00:00:00,2022-06-27 17:54:00,568,6,59,249,Transferencia Bancaria - Banco 2,1,0.0,7,61.459999999999994,61.459999999999994,8.78,8.78,0.0
2022-06-27 00:00:00,2022-06-27 18:07:00,206,2,28,120,Transferencia Bancaria - Banco 3,1,0.0,2,19.990000000000002,19.990000000000002,9.995000000000001,9.995000000000001,0.0
2022-06-27 00:00:00,2022-06-27 18:31:00,671,2,63,284,YAPE,1,0.0,9,76.35,76.35,8.483333333333333,8.483333333333333,0.0
2022-06-27 00:00:00,2022-06-27 18:33:00,669,2,63,271,YAPE,1,0.0,1,3.89,3.89,3.89,3.89,0.0
2022-06-27 00:00:00,2022-06-27 18:37:00,539,2,58,240,Transferencia Bancaria - Banco 1,1,0.0,4,91.19999999999999,91.19999999999999,22.799999999999997,22.799999999999997,0.0
2022-06-27 00:00:00,2022-06-27 18:43:00,207,2,28,118,Transferencia Bancaria - Banco 3,1,0.0,53,328.60999999999996,328.60999999999996,6.200188679245282,6.200188679245282,0.0
2022-06-27 00:00:00,2022-06-27 18:46:00,660,2,63,271,YAPE,1,0.0,1,58.9,58.9,58.9,58.9,0.0
2022-06-27 00:00:00,2022-06-27 19:32:00,15,2,6,11,YAPE,1,0.0,22,232.06,232.06,10.548181818181819,10.548181818181819,0.0
2022-06-27 00:00:00,2022-06-27 19:33:00,218,2,30,124,Tarjeta,1,0.0,3,67.1,67.1,22.366666666666664,22.366666666666664,0.0
2022-06-27 00:00:00,2022-06-27 20:16:00,84,2,13,53,Transferencia Bancaria - Banco 3,1,0.0,6,91.67,91.67,15.278333333333334,15.278333333333334,0.0
2022-06-27 00:00:00,2022-06-27 21:32:00,239,2,37,133,Tarjeta,1,0.0,17,232.51999999999992,232.51999999999992,13.677647058823524,13.677647058823524,0.0
2022-06-28 00:00:00,2022-06-28 10:03:00,52,2,8,44,YAPE,1,0.0,21,250.50000000000003,250.50000000000003,11.92857142857143,11.92857142857143,0.0
2022-06-28 00:00:00,2022-06-28 11:52:00,234,2,34,128,YAPE,1,0.0,25,109.52000000000001,109.52000000000001,4.380800000000001,4.380800000000001,0.0
2022-06-28 00:00:00,2022-06-28 12:22:00,387,6,51,207,YAPE,1,0.0,2,22.89,22.89,11.445,11.445,0.0
2022-06-28 00:00:00,2022-06-28 14:17:00,384,6,51,204,Tarjeta,1,0.0,5,90.58999999999999,90.58999999999999,18.118,18.118,0.0
2022-06-28 00:00:00,2022-06-28 14:19:00,465,6,51,207,YAPE,1,0.0,1,17.9,17.9,17.9,17.9,0.0
2022-06-28 00:00:00,2022-06-28 14:27:00,499,6,51,214,Tarjeta,1,0.0,1,17.9,17.9,17.9,17.9,0.0
2022-06-28 00:00:00,2022-06-28 15:11:00,489,6,51,214,Tarjeta,1,0.0,1,12.5,12.5,12.5,12.5,0.0
2022-06-28 00:00:00,2022-06-28 16:23:00,413,6,51,214,YAPE,1,0.0,1,19.7,19.7,19.7,19.7,0.0
2022-06-28 00:00:00,2022-06-28 18:11:00,161,2,20,94,Transferencia Bancaria - Banco 2,1,0.0,16,185.18,185.18,11.57375,11.57375,0.0
2022-06-28 00:00:00,2022-06-28 19:14:00,10,2,5,6,Tarjeta,1,0.0,1,9.99,9.99,9.99,9.99,0.0
2022-06-28 00:00:00,2022-06-28 19:35:00,55,2,10,46,YAPE,1,0.0,32,260.40000000000003,260.40000000000003,8.137500000000001,8.137500000000001,0.0
2022-06-28 00:00:00,2022-06-28 21:05:00,552,6,59,248,Transferencia Bancaria - Banco 2,1,0.0,16,123.2399999999999,123.2399999999999,7.7024999999999935,7.7024999999999935,0.0
2022-06-28 00:00:00,2022-06-28 21:26:00,2,2,2,2,Tarjeta,1,0.0,14,139.73999999999998,139.73999999999998,9.98142857142857,9.98142857142857,0.0
2022-06-28 00:00:00,2022-06-28 22:49:00,78,2,13,51,YAPE,1,0.0,8,58.970000000000006,58.970000000000006,7.371250000000001,7.371250000000001,0.0
2022-06-29 00:00:00,2022-06-29 08:30:00,531,2,58,235,YAPE,1,0.0,3,39.699999999999996,39.699999999999996,13.233333333333333,13.233333333333333,0.0
2022-06-29 00:00:00,2022-06-29 10:19:00,515,6,51,214,YAPE,1,0.0,2,47.8,47.8,23.9,23.9,0.0
2022-06-29 00:00:00,2022-06-29 10:26:00,187,2,25,110,YAPE,1,0.0,2,57.8,57.8,28.9,28.9,0.0
2022-06-29 00:00:00,2022-06-29 10:30:00,80,2,13,52,YAPE,1,0.0,5,60.68000000000001,60.68000000000001,12.136000000000001,12.136000000000001,0.0
2022-06-29 00:00:00,2022-06-29 11:04:00,448,6,51,200,YAPE,1,0.0,5,88.67,88.67,17.734,17.734,0.0
2022-06-29 00:00:00,2022-06-29 11:41:00,244,2,39,135,Transferencia Bancaria - Banco 1,1,0.0,1,89.9,89.9,89.9,89.9,0.0
2022-06-29 00:00:00,2022-06-29 13:40:00,518,2,52,226,YAPE,1,0.0,4,129.6,129.6,32.4,32.4,0.0
2022-06-29 00:00:00,2022-06-29 13:54:00,579,6,59,254,Transferencia Bancaria - Banco 2,1,0.0,5,64.38,64.38,12.876,12.876,0.0
2022-06-29 00:00:00,2022-06-29 14:47:00,194,2,26,111,YAPE,1,0.0,1,32.99,32.99,32.99,32.99,0.0
2022-06-29 00:00:00,2022-06-29 15:16:00,655,2,63,283,YAPE,1,0.0,13,147.5,147.5,11.346153846153847,11.346153846153847,0.0
2022-06-29 00:00:00,2022-06-29 15:20:00,615,2,63,267,Transferencia Bancaria - Banco 1,1,0.0,19,61.31,61.31,3.226842105263158,3.226842105263158,0.0
2022-06-29 00:00:00,2022-06-29 15:21:00,533,2,58,237,YAPE,1,0.0,11,35.21000000000001,35.21000000000001,3.2009090909090916,3.2009090909090916,0.0
2022-06-29 00:00:00,2022-06-29 15:21:00,654,2,63,269,YAPE,1,0.0,10,31.9,31.9,3.19,3.19,0.0
2022-06-29 00:00:00,2022-06-29 15:24:00,645,2,63,266,YAPE,1,0.0,1,2.69,2.69,2.69,2.69,0.0
2022-06-29 00:00:00,2022-06-29 15:32:00,650,2,63,266,YAPE,1,0.0,3,12.2999999999999,12.2999999999999,4.099999999999967,4.099999999999967,0.0
2022-06-29 00:00:00,2022-06-29 15:52:00,456,6,51,200,Tarjeta,1,0.0,2,33.8,33.8,16.9,16.9,0.0
2022-06-29 00:00:00,2022-06-29 18:12:00,50,6,7,43,Transferencia Bancaria - Banco 3,1,0.0,5,158.68,158.68,31.736,31.736,0.0
2022-06-29 00:00:00,2022-06-29 18:41:00,431,6,51,200,Tarjeta,1,0.0,1,9.5,9.5,9.5,9.5,0.0
2022-06-29 00:00:00,2022-06-29 19:16:00,247,2,39,136,YAPE,1,0.0,5,18.25,18.25,3.65,3.65,0.0
2022-06-29 00:00:00,2022-06-29 19:23:00,334,2,45,155,YAPE,1,0.0,2,19.8,19.8,9.9,9.9,0.0
2022-06-29 00:00:00,2022-06-29 19:27:00,335,2,45,155,YAPE,1,0.0,2,23.8,23.8,11.9,11.9,0.0
2022-06-29 00:00:00,2022-06-29 19:27:00,444,6,51,200,YAPE,1,0.0,3,41.12,41.12,13.706666666666665,13.706666666666665,0.0
2022-06-29 00:00:00,2022-06-29 20:10:00,364,2,49,192,Tarjeta,1,9.98999999999999,4,68.21,78.1999999999999,19.549999999999976,17.0525,2.4974999999999974
2022-06-29 00:00:00,2022-06-29 21:58:00,141,2,19,74,Transferencia Bancaria - Banco 1,1,0.0,35,332.26,332.26,9.493142857142857,9.493142857142857,0.0
2022-06-30 00:00:00,2022-06-30 09:21:00,383,6,51,200,YAPE,1,0.0,1,19.9,19.9,19.9,19.9,0.0
2022-06-30 00:00:00,2022-06-30 10:55:00,424,6,51,200,YAPE,1,0.0,1,184.9,184.9,184.9,184.9,0.0
2022-06-30 00:00:00,2022-06-30 11:39:00,527,2,56,230,Tarjeta,1,0.0,4,22.275000000000002,22.275000000000002,5.5687500000000005,5.5687500000000005,0.0
2022-06-30 00:00:00,2022-06-30 12:17:00,555,6,59,249,Transferencia Bancaria - Banco 2,1,0.0,24,472.799999999999,472.799999999999,19.699999999999957,19.699999999999957,0.0
2022-06-30 00:00:00,2022-06-30 13:32:00,151,2,20,84,YAPE,1,0.0,1,28.9,28.9,28.9,28.9,0.0
2022-06-30 00:00:00,2022-06-30 14:07:00,394,6,51,209,YAPE,1,0.0,9,82.37,82.37,9.152222222222223,9.152222222222223,0.0
2022-06-30 00:00:00,2022-06-30 14:25:00,16,2,6,12,Efectivo contra-entrega,1,0.0,7,183.94,183.94,26.277142857142856,26.277142857142856,0.0
2022-06-30 00:00:00,2022-06-30 14:46:00,400,6,51,200,YAPE,1,0.0,1,13.9,13.9,13.9,13.9,0.0
2022-06-30 00:00:00,2022-06-30 14:48:00,454,6,51,200,YAPE,1,0.0,3,34.5,34.5,11.5,11.5,0.0
2022-06-30 00:00:00,2022-06-30 14:59:00,376,6,51,200,YAPE,1,0.0,1,3.99,3.99,3.99,3.99,0.0
2022-06-30 00:00:00,2022-06-30 16:01:00,614,2,63,266,YAPE,1,0.0,4,52.39,52.39,13.0975,13.0975,0.0
2022-06-30 00:00:00,2022-06-30 16:02:00,147,2,20,80,YAPE,1,0.0,2,14.58,14.58,7.29,7.29,0.0
2022-06-30 00:00:00,2022-06-30 16:46:00,169,2,20,92,YAPE,1,0.0,1,17.99,17.99,17.99,17.99,0.0
2022-06-30 00:00:00,2022-06-30 18:14:00,174,2,22,103,YAPE,1,0.0,5,95.17000000000002,95.17000000000002,19.034000000000002,19.034000000000002,0.0
2022-06-30 00:00:00,2022-06-30 19:45:00,237,2,36,131,Tarjeta,1,0.0,18,132.65,132.65,7.3694444444444445,7.3694444444444445,0.0
